,Track_ID,Track_Name,Artist_Name,Artist_ID,Artist_followers,Artist_genres,Artist_popularity
0,1e9oZCCiX42nJl0AcqriVo,Watermelon Sugar,Harry Styles,6KImCVD70vtIoJWnq6nGn3,5400103,"['dance pop', 'pop', 'post-teen pop']",88
1,3GRSqlALWISqLeNncZMbpX,Mean It,Lauv,5JZ7CnR6gTvEMKX4g70Amv,1959296,['pop'],90
2,3i9UVldZOE0aD0JnyfAZZ0,Lover (Remix) [feat. Shawn Mendes],Taylor Swift,06HL4z0CvFAxyc27GXpf02,24694043,"['pop', 'post-teen pop']",95
3,1mpD5Q8IM32I4bF6eCpU74,Up All Night,Khalid,6LuN9FCkKOj5PcnpouEgny,9452107,"['alternative r&b', 'pop']",96
4,4TnjEaWOeW0eKTKIEvJyCa,Falling,Trevor Daniel,7uaIm6Pw7xplS8Dy06V6pT,72334,"['alternative r&b', 'melodic rap']",80
5,7jzldCBnJjpJM3epzJ85KE,Tongue Tied (with YUNGBLUD & blackbear),Marshmello,64KEffDW9EtZ1y2vBYgq8T,18720303,"['brostep', 'progressive electro house']",90
6,6JsHgIkMYHcbNtKfsal2Mg,Jerry Sprunger (with T-Pain),Tory Lanez,2jku7tDXc6XoB6MO2hFuqg,2613851,"['canadian hip hop', 'hip hop', 'melodic rap', 'pop rap', 'rap', 'southern hip hop', 'toronto rap', 'trap']",88
7,364spZLB5bhNlnPrzvUB41,Reply (feat. Lil Uzi Vert),A Boogie Wit da Hoodie,31W5EY0aAly4Qieq6OFu6I,3698466,"['melodic rap', 'pop rap', 'rap', 'trap']",91
8,1jg9clsGCDqOumfS0X5xm9,Living Proof,Camila Cabello,4nDoRrQiYLoBzwC5BhVJzF,13281202,"['dance pop', 'pop', 'post-teen pop']",94
9,5stPVcRqb4qixbafP9e8lt,Hola - Remix,Dalex,0KPX4Ucy9dk82uj4GpKesn,649409,"['latin', 'r&b en espanol']",91
10,0lizgQ7Qw35od7CYaoMBZb,Santa Tell Me,Ariana Grande,66CXWjxzNUsdJxJ2JdwvnR,38897364,"['dance pop', 'pop', 'post-teen pop']",96
11,2rc7BkzO8qepMFAxHtOrXc,Blanco,J Balvin,1vyhD5VmyZ7KMfW5gqLgo5,16475449,"['latin', 'reggaeton']",99
12,6LcauUZjF1eXQrgqMUecHX,Ayy Macarena,Tyga,5LHRHt1k9lMyONurDHEdrp,5220379,"['hip hop', 'pop rap', 'rap', 'trap']",91
13,5YxP1CkunbhUQVvctFOHa7,fuck 3x,tha Supreme,19i93sA0D7yS9dYoVNBqAA,390555,['trap italiana'],87
14,6IRdLKIyS4p7XNiP8r6rsx,all the good girls go to hell,Billie Eilish,6qqNVTkY8uBg9cP3Jd7DAH,16487066,"['electropop', 'pop']",97
15,4bDPr2VAjcfgUDmN9dGOC3,Why I Love You,JAY Z,3nFkdlSjzX9mRTtwJOzDYB,4934209,"['east coast hip hop', 'gangster rap', 'hip hop', 'pop rap', 'rap']",83
16,27qRmG3zOWPvMYUkpPdQ1g,Gan-Ga - Remix,Bryant Myers,6w9ToX5slZ4uIdmD17hJ3c,3062002,"['latin', 'reggaeton', 'reggaeton flow', 'trap latino', 'tropical']",82
17,63VyEdzMM3w4ZQ1WtARa2S,Takeaway,The Chainsmokers,69GGBxA162lTqCwzJG5jLp,14625745,"['electropop', 'pop', 'tropical house']",90
18,2W4yABdLc4Jnds67Poi5Nl,Yellow Hearts,Ant Saunders,4jpsw9CQS439N0B7SecMgf,14173,['pop'],76
19,598yNsG1JFrGd4n2kMoz7F,Woah,Lil Baby,5f7VJjfbwm532GiveGC0ZK,3014831,"['atl hip hop', 'atl trap', 'pop rap', 'rap', 'trap']",92
20,0oR0Wr9N52K1vbAOuGvMJz,blun7 a swishland,tha Supreme,19i93sA0D7yS9dYoVNBqAA,390555,['trap italiana'],87
21,7k4t7uLgtOxPwTpFmtJNTY,Tusa,KAROL G,790FomKkXshlbRYZFtlgla,7288619,"['latin', 'reggaeton']",89
22,1VJwtWR6z7SpZRwipI12be,Candy,Doja Cat,5cj0lLjcoR7YOSnhnX0Po5,639331,"['la indie', 'pop', 'pop rap']",84
23,3ZCTVFBt2Brf31RLEnCkWJ,everything i wanted,Billie Eilish,6qqNVTkY8uBg9cP3Jd7DAH,16487066,"['electropop', 'pop']",97
24,5C0ivQMxes2lWuOANhvVAm,GIANTS,True Damage,7xX15v6ahAkcT14kHfB9wB,20500,[],70
25,2a3dopgTF1q4rMVDJ1rwBU,Push My Luck,The Chainsmokers,69GGBxA162lTqCwzJG5jLp,14625745,"['electropop', 'pop', 'tropical house']",90
26,2kJwzbxV2ppxnQoYw4GLBZ,If The World Was Ending (feat. Julia Michaels),JP Saxe,66W9LaWS0DPdL7Sz8iYGYe,28810,"['canadian contemporary r&b', 'electropop', 'pop']",74
27,6wn2nmFn3wDuiMldRiuRuL,Last Christmas - Remastered,Wham!,5lpH0xAS4fVfLkACg9DAuM,997150,"['dance rock', 'europop', 'new romantic', 'new wave', 'new wave pop', 'soft rock']",79
28,0dDboLfmRNsTBscy4j3Rnl,Hasta Que Salga el Sol,Ozuna,1i8SpTcr7yvPOmcqrbnVXY,20329848,"['latin', 'puerto rican pop', 'reggaeton', 'trap latino']",98
29,0qaWEvPkts34WF68r8Dzx9,Turn Me On (feat. Vula),Riton,7i9j813KFoSBMldGqlh2Z1,42658,"['house', 'uk dance']",75
30,1cVlW9WQiGlFdWUXFdFZGh,Pa' Olvidarme De Ella,Piso 21,4bw2Am3p9ji3mYsXNXtQcd,4576588,"['colombian pop', 'latin', 'reggaeton']",84
31,1Av69kr9JitqPWo7WJLS5q,Can We Kiss Forever?,Kina,4qIVPF0s71ZYW3qzhu5GkF,213522,['pop'],80
32,7qvsl2pYzrsYgPeFBN5jxp,Juicy,Doja Cat,5cj0lLjcoR7YOSnhnX0Po5,639331,"['la indie', 'pop', 'pop rap']",84
33,2Rk4JlNc2TPmZe2af99d45,ME! (feat. Brendon Urie of Panic! At The Disco),Taylor Swift,06HL4z0CvFAxyc27GXpf02,24694043,"['pop', 'post-teen pop']",95
34,5wj4E6IsrVtn8IBJQOd0Cl,Wonderwall - Remastered,Oasis,2DaxqgrOhkeH0fpeiQq2f4,4642531,"['britpop', 'madchester', 'modern rock', 'permanent wave', 'rock']",82
35,6WrI0LAC5M1Rw2MnX2ZvEg,Don't Start Now,Dua Lipa,6M2wZ9GZgrQXHCFfjv46we,14343834,"['dance pop', 'pop', 'post-teen pop', 'uk pop']",91
36,56AMYGJzxBO6p8v0wEe9de,Hot (Remix) [feat. Gunna and Travis Scott],Young Thug,50co4Is1HCEo8bhOyUWKpn,4591980,"['atl hip hop', 'atl trap', 'gangster rap', 'melodic rap', 'pop rap', 'rap', 'trap']",93
37,7vJS1DPc3FzBtqBs8n3mW5,Bad To You (with Normani & Nicki Minaj),Ariana Grande,66CXWjxzNUsdJxJ2JdwvnR,38897364,"['dance pop', 'pop', 'post-teen pop']",96
38,2pWOMNQJW3g2zmGjP0Vkb0,Whine Up,Nicky Jam,1SupJlEpv7RS2tPNRaHViT,10315828,"['latin', 'latin hip hop', 'reggaeton', 'tropical']",94
39,4IO8X9W69dIQe0EC5ALXhq,Immortal,21 Savage,1URnnhqYAYcrqrcwql10ft,7022194,"['atl hip hop', 'pop rap', 'rap', 'trap']",89
40,3qmm9AdG0TnShv0drgXNIQ,Karma,Queen Naija,3nViOFa3kZW8OMSNOzwr98,1186908,"['deep pop r&b', 'pop', 'pop rap', 'r&b', 'urban contemporary']",70
41,7pWK1kMgHy5lNNiIfuRbkP,Used To Love (with Dean Lewis),Martin Garrix,60d24wfXkVzDSfLS6hyCjZ,12102014,"['big room', 'edm', 'pop', 'progressive house', 'tropical house']",87
42,020wG4EHTwBy5h2rbpxqvK,SUPREME - L'ego (feat. tha Supreme & Sfera Ebbasta),Marracash,5AZuEF0feCXMkUCwQiQlW7,789029,"['italian hip hop', 'italian underground hip hop', 'rap napoletano']",85
43,0bYg9bo50gSsH3LtXe2SQn,All I Want for Christmas Is You,Mariah Carey,4iHNK0tOyZPYnBU7nGAgpQ,5000594,"['dance pop', 'pop', 'r&b', 'urban contemporary']",87
44,735RSTb2xbtWbDtKD9XDYi,Somebody,Internet Money,6MPCFvOQv5cIGfw3jODMF0,9449,['trap'],72
45,00ko9WaS4jOX1kEk3gvHjf,Hot Shower,Chance the Rapper,1anyVhU62p31KFi8MEzkbf,4509118,"['chicago rap', 'conscious hip hop', 'hip hop', 'pop rap', 'rap']",87
46,1tpbAGsGpZee5jDHMcLrUJ,Bellaquita,Dalex,0KPX4Ucy9dk82uj4GpKesn,649409,"['latin', 'r&b en espanol']",91
47,6uYgCE2OEulOw5zhHvZsHf,Love Me More,Trippie Redd,6Xgp2XMz1fhVYe7i6yNAax,3718423,"['melodic rap', 'pop rap', 'rap', 'trap']",92
48,4S4Mfvv03M1cHgIOJcbUCL,In My Room,Frank Ocean,2h93pZq0e7k5yf4dywlkpM,5006124,"['alternative r&b', 'hip hop', 'lgbtq+ hip hop', 'neo soul', 'pop', 'pop rap']",87
49,26Qhn2T88XqVinXQpmSarj,Atrévete,Nicky Jam,1SupJlEpv7RS2tPNRaHViT,10315828,"['latin', 'latin hip hop', 'reggaeton', 'tropical']",94
50,1HNkqx9Ahdgi1Ixy2xkKkL,Photograph,Ed Sheeran,6eUKZXaKkcviH0Ku9w2n3V,54933328,"['pop', 'uk pop']",97
51,7eBqSVxrzQZtK2mmgRG6lC,Murder On My Mind,YNW Melly,1cNDP5yjU5vjeR8qMf4grg,1960829,"['melodic rap', 'pop rap', 'rap', 'trap']",88
52,2QpGZOhTCHHiKmpSO9FW4h,Follow God,Kanye West,5K4W6rqBFWDnAN6FQUkS6x,10761483,"['chicago rap', 'pop rap', 'rap']",95
53,4yI3HpbSFSgFZtJP2kDe5m,Look At Her Now,Selena Gomez,0C8ZW7ezQVs4URX5aX7Kqx,18042607,"['dance pop', 'pop', 'post-teen pop']",93
54,3JWiDGQX2eTlFvKj3Yssj3,Closed On Sunday,Kanye West,5K4W6rqBFWDnAN6FQUkS6x,10761483,"['chicago rap', 'pop rap', 'rap']",95
55,2SasoXZyv82yYgHiVOvxQn,On God,Kanye West,5K4W6rqBFWDnAN6FQUkS6x,10761483,"['chicago rap', 'pop rap', 'rap']",95
56,39JRmdKFka1Oe09FoOCPI4,Selah,Kanye West,5K4W6rqBFWDnAN6FQUkS6x,10761483,"['chicago rap', 'pop rap', 'rap']",95
57,24bnCCysWnbNRNUT4LpHcP,Everything We Need,Kanye West,5K4W6rqBFWDnAN6FQUkS6x,10761483,"['chicago rap', 'pop rap', 'rap']",95
58,0oPOuDmmkVp3h6puekhs6P,Use This Gospel,Kanye West,5K4W6rqBFWDnAN6FQUkS6x,10761483,"['chicago rap', 'pop rap', 'rap']",95
59,1WnqWQcWcuQbVzgE7ecfCY,Every Hour,Kanye West,5K4W6rqBFWDnAN6FQUkS6x,10761483,"['chicago rap', 'pop rap', 'rap']",95
61,3j84U36KvLeXNDPv4t5pI8,Pure Water (with Migos),Mustard,0YinUQ50QDB7ZxSCLyQ40k,508174,"['cali rap', 'hip hop', 'pop rap', 'rap', 'southern hip hop', 'trap']",84
62,07Oz5StQ7GRoygNLaXs2pd,Good as Hell (feat. Ariana Grande) - Remix,Lizzo,56oDRnqbIiwx4mymNEv7dS,1554987,"['escape room', 'minnesota hip hop', 'pop', 'pop rap', 'trap queen']",88
63,7r6aR2f57resC5r93LwMfK,Hands On,Kanye West,5K4W6rqBFWDnAN6FQUkS6x,10761483,"['chicago rap', 'pop rap', 'rap']",95
64,0Z26mbSHJ1dkUu7g9DDgif,Trigger,Major Lazer,738wLrAtLtCtFOLvQBXOXp,5806998,"['dance pop', 'edm', 'electro house', 'moombahton', 'pop']",86
65,6muOWhMh7Tf0UFUtMDBhUR,Orphans,Coldplay,4gzpq5DPGxSnKTe4SA8HAU,23199763,"['permanent wave', 'pop']",92
66,7sBgFMWqDWQgrsNSpIBoe8,Jesus Is Lord,Kanye West,5K4W6rqBFWDnAN6FQUkS6x,10761483,"['chicago rap', 'pop rap', 'rap']",95
67,37zdqI4r1gswIzczSBkRon,Aventura,Lunay,47MpMsUfWtgyIIBEFOr4FE,1090195,"['latin', 'reggaeton flow']",88
68,6RyuoOJXNzlVWpfC5xQyeI,Alocao (With Bad Gyal),Omar Montes,3lY9Fxceu60W1rbon7PkuF,81763,['trap espanol'],69
69,696DnlkuDOXcMAnKlTgXXK,ROXANNE,Arizona Zervas,0vRvGUQVUjytro0xpb26bs,114759,['pop rap'],86
70,51wFQM8W0YfXTmHusXUr5i,MAMACITA,Tyga,5LHRHt1k9lMyONurDHEdrp,5220379,"['hip hop', 'pop rap', 'rap', 'trap']",91
71,2xyx0o4xNOLLjBSbOOdcbA,Playing Games (with Bryson Tiller) - Extended Version,Summer Walker,57LYzLEk2LcFghVwuWbcuS,703494,"['pop', 'pop rap']",86
72,3uhTOxvu2h2YEm0uPNF2vi,Doch in der Nacht,Apache 207,1qQLhymHXFPtP5U8KNKsm6,314922,['german hip hop'],87
73,2B94bbI1a4LyBpK1439oP7,Cuerpo en Venta,Noriel,3RtNN1VnooWEn3KQk03DUL,2796968,"['latin', 'latin pop', 'reggaeton', 'reggaeton flow', 'trap latino', 'tropical']",82
74,5a6pdCHlWS2ekOOQ70QnAr,July,Noah Cyrus,55fhWPvDiMpLnE4ZzNXZyW,472787,"['dance pop', 'pop', 'pop rap', 'post-teen pop']",80
75,4hQ6UGyWQIGJmHSo0J88JW,Back To You - From 13 Reasons Why – Season 2 Soundtrack,Selena Gomez,0C8ZW7ezQVs4URX5aX7Kqx,18042607,"['dance pop', 'pop', 'post-teen pop']",93
76,2zYzyRzz6pRmhPzyfMEC8s,Highway to Hell,AC/DC,711MCceyCBcFnzjGY4Q7Un,13431339,"['album rock', 'australian rock', 'hard rock', 'rock']",86
77,1HfMVBKM75vxSfsQ5VefZ5,Lose You To Love Me,Selena Gomez,0C8ZW7ezQVs4URX5aX7Kqx,18042607,"['dance pop', 'pop', 'post-teen pop']",93
78,314ZkcV7oLWG8yWE7LABvH,Make It Right (feat. Lauv),BTS,3Nrfpe0tUJi4K4DXYWgMUX,14810112,"['k-pop', 'k-pop boy group']",92
79,5nCthAh3jt4xKuLJAifAaR,Harleys In Hawaii,Katy Perry,6jJ0s89eD6GaHleKKya26X,14242059,"['dance pop', 'pop', 'post-teen pop']",88
80,6dNB3XdAzx7kTf5wa8Rg89,Wieso tust Du dir das an?,Apache 207,1qQLhymHXFPtP5U8KNKsm6,314922,['german hip hop'],87
81,7CHi4DtfK4heMlQaudCuHK,Lose Control,MEDUZA,0xRXCcSX89eobfrshSVdyu,110875,['pop house'],84
82,6kls8cSlUyHW2BUOkDJIZE,Hate Me (with Juice WRLD),Ellie Goulding,0X2BH1fck6amBIoJhDVmmJ,7192502,"['dance pop', 'edm', 'metropopolis', 'pop', 'post-teen pop', 'tropical house', 'uk pop']",86
83,41wZE5FpxbPaZqXtlmBhPG,Keine Liebe,RIN,18ISxWwWjV6rPLoVCXf1dz,393669,"['german cloud rap', 'german hip hop']",78
84,6RyaV7owmVU6fzEPE17sF1,Que Tire Pa Lante,Daddy Yankee,4VMYDCV2IEDYJArk749S6m,14976430,"['latin', 'latin hip hop', 'reggaeton', 'tropical']",95
85,5pAbCxt9e3f81lOmjIXwzd,Be Honest (feat. Burna Boy),Jorja Smith,1CoZyIx7UvdxT5c8UkMzHd,1195745,"['pop', 'uk contemporary r&b']",81
86,2INhKpUdzh7v0j041gZNsz,DHL,Frank Ocean,2h93pZq0e7k5yf4dywlkpM,5006124,"['alternative r&b', 'hip hop', 'lgbtq+ hip hop', 'neo soul', 'pop', 'pop rap']",87
87,3xB5uHrhe0uaIxNGf3JwZA,I Wanna Rock (feat. Gunna),G-Eazy,02kJSzxNuaWGqwubyUba0Z,4182548,"['hip hop', 'indie pop rap', 'pop rap', 'rap']",87
90,5F8ffc8KWKNawllr5WsW0r,Surtada - Remix Brega Funk,Dadá Boladão,36SRwzRkX5zW3ABjJrevqX,59457,"['brega funk', 'funk carioca']",73
91,5aJEh9Oqdz7PRLKTpH25pB,Lights Up,Harry Styles,6KImCVD70vtIoJWnq6nGn3,5400103,"['dance pop', 'pop', 'post-teen pop']",88
92,5Id5B3dxJZhPcV9GzgYZZe,Quizas,Rich Music LTD,2kqUKsTuEj1lPbm6BSn1AU,23682,"['latin', 'reggaeton', 'reggaeton flow']",83
93,46D0hYb1B7qiU33VtXt21W,Easy,Camila Cabello,4nDoRrQiYLoBzwC5BhVJzF,13281202,"['dance pop', 'pop', 'post-teen pop']",94
94,44Fc0oSgRn1MFwu18TcY8S,Wir sind Kral,Ufo361,5pVRwX5ZQR7hfJ18w8ZYkl,1184244,"['german cloud rap', 'german hip hop']",83
95,37kCg5izHEMZ66xGdMVG5L,Oye Mujer,Raymix,0hHT2BH7XTm3ZdZb6CX064,252206,['nu-cumbia'],69
96,6klLvorLoo1sxvZcjJIY8I,Make No Sense,YoungBoy Never Broke Again,7wlFDEWiM5OoIAt8RSli8b,3512515,"['baton rouge rap', 'trap']",91
98,6cy3ki60hLwimwIje7tALf,RITMO (Bad Boys For Life),The Black Eyed Peas,1yxSLGMDHlW21z4YXirZDS,3855670,"['dance pop', 'pop', 'pop rap']",88
99,1HimGOB6BjOaCQYMIF1xtU,What Am I,Why Don't We,2jnIB6XdLvnJUeNTy5A0J2,1722461,"['boy band', 'dance pop', 'pop', 'post-teen pop', 'teen pop']",84
100,1rfofaqEpACxVEHIZBJe6W,Havana (feat. Young Thug),Camila Cabello,4nDoRrQiYLoBzwC5BhVJzF,13281202,"['dance pop', 'pop', 'post-teen pop']",94
101,0E9ZjEAyAwOXZ7wJC0PD33,In My Mind,Dynoro,3v6Ji4uoWtKRkhuDUaxi9n,157146,"['edm', 'tropical house']",76
102,6K4t31amVTZDgR3sKmwUJJ,The Less I Know The Better,Tame Impala,5INjqkS1o8h1imAzPqGZBb,3033084,"['australian psych', 'neo-psychedelic', 'psychedelic rock']",83
103,6cHxkkZ3TZUKsjd13pIO1p,Puta Madre,RAF Camora,0Dvx6p8JDyzeOPGmaCIH1L,1014062,['german hip hop'],85
104,3eekarcy7kvN4yt5ZFzltW,HIGHEST IN THE ROOM,Travis Scott,0Y5tJX1MQlPlqiwlOH1tJY,7191718,"['pop rap', 'rap']",97
105,2wrJq5XKLnmhRXHIAf9xBa,"10,000 Hours (with Justin Bieber)",Dan + Shay,7z5WFjZAIYejWy0NI5lv4T,1270351,"['contemporary country', 'pop']",86
106,6Gg1gjgKi2AK4e0qzsR7sd,Bandit (with YoungBoy Never Broke Again),Juice WRLD,4MCBfE4596Uoi2O4DtmEMz,6236950,"['chicago rap', 'melodic rap']",94
107,40nPimvmG05WYS7983bawZ,Cry for Me,Camila Cabello,4nDoRrQiYLoBzwC5BhVJzF,13281202,"['dance pop', 'pop', 'post-teen pop']",94
108,18HNGxDOcshRU2Hdu8tMOM,Popopop,Gambi,1lB3I3SI30v2ZOpR4XQqzJ,141492,"['french hip hop', 'pop urbaine']",76
109,6UjZ2Yx2g2a52XxiA8ONxZ,Outnumbered,Dermot Kennedy,5KNNVgR6LBIABRIomyCwKJ,443323,"['folk-pop', 'irish pop', 'pop']",81
111,3cphb8kdsjElYR7r5icK3H,Nice To Meet Ya,Niall Horan,1Hsdzj7Dlq2I7tHP7501T4,4371515,"['dance pop', 'pop', 'pop rock', 'post-teen pop']",83
112,2pfio0uHpT4USTPBNeTIWo,Berlin lebt wie nie zuvor,Capital Bra,4WZGDpNwrC0vNQyl9QzF7d,2814424,['german hip hop'],87
113,5WrEilrRI5cIW0DxMvQYPZ,Jopping,SuperM,5BHFSMEjfLVx1JwRWjAOsE,298797,['k-pop'],70
114,3TTMUI5dFcbeNSDTTDY9M8,Come Thru (with Usher),Summer Walker,57LYzLEk2LcFghVwuWbcuS,703494,"['pop', 'pop rap']",86
115,4IJEw3fDvS6XF4sDc3bvjK,AYA,Murda,2y1VzMKAa5nmfXKtJL9jnj,18831,"['basshall', 'dutch hip hop', 'dutch urban']",72
116,2cYqizR4lgvp4Qu6IQ3qGN,BUTTERFLY EFFECT,Travis Scott,0Y5tJX1MQlPlqiwlOH1tJY,7191718,"['pop rap', 'rap']",97
117,3QzAOrNlsabgbMwlZt7TAY,Ballin' (with Roddy Ricch),Mustard,0YinUQ50QDB7ZxSCLyQ40k,508174,"['cali rap', 'hip hop', 'pop rap', 'rap', 'southern hip hop', 'trap']",84
118,78QR3Wp35dqAhFEc2qAGjE,Drip Too Hard (Lil Baby & Gunna),Lil Baby,5f7VJjfbwm532GiveGC0ZK,3014831,"['atl hip hop', 'atl trap', 'pop rap', 'rap', 'trap']",92
119,11IzgLRXV7Cgek3tEgGgjw,Under Pressure - Remastered,Queen,1dfeR4HaWDbWqFHLkxsg1d,21639468,"['glam rock', 'rock']",92
120,7BKLCZ1jbUBVqRi2FVlTVw,Closer,The Chainsmokers,69GGBxA162lTqCwzJG5jLp,14625745,"['electropop', 'pop', 'tropical house']",90
121,6Ozh9Ok6h4Oi1wUSLtBseN,BOP,DaBaby,4r63FhuTkUYltbVAg5TQnk,1371237,"['nc hip hop', 'pop rap', 'rap']",93
122,7x9nXsowok1JszkVztI5NI,Writing on the Wall (feat. Post Malone & Cardi B),French Montana,6vXTefBL93Dj5IqAWq6OTv,3164729,"['hip hop', 'pop rap', 'rap', 'southern hip hop', 'trap']",85
123,0fySG6A6qLE8IvDpayb5bM,VIBEZ,DaBaby,4r63FhuTkUYltbVAg5TQnk,1371237,"['nc hip hop', 'pop rap', 'rap']",93
124,5099x34vBakWpGkHourFxP,Qué Pena,Maluma,1r4hJ1h58CWwUQe3MxPuau,17708067,"['latin', 'reggaeton']",92
125,6Y4PDQv4XjYjHLeLmvyOt0,Si Te Vas,Sech,77ziqFxp5gaInVrF2lj4ht,1835658,"['panamanian pop', 'reggaeton']",94
126,1APYVaHHRwwTOZighMsgro,Honda Civic - Work Tape,Armors,0m34JtkojthW5WYugFm0e3,14681,"['hopebeat', 'indie pop', 'indie poptimism', 'indie rockism', 'indietronica']",48
127,4fwo6czG5nvOQMzhOto1ya,Lonely (with Jonas Brothers),Diplo,5fMUXHkw8R8eOP2RNVYEZX,2134259,"['bmore', 'edm', 'moombahton', 'ninja', 'pop', 'pop rap']",90
128,6mAN61JH0dzyZpWslS11jy,Fantasias,Rauw Alejandro,1mcTU81TzQhprhouKaTkpq,356202,"['latin', 'reggaeton']",88
129,1CCDIow4pPYyJYzhtTUYz2,RAW SHIT (feat. Migos),DaBaby,4r63FhuTkUYltbVAg5TQnk,1371237,"['nc hip hop', 'pop rap', 'rap']",93
130,6wyr4ReB05D9sJB1Rsmcqo,Chicken Noodle Soup (feat. Becky G),j-hope,0b1sIQumIAsNbqAoIClSpy,2370770,"['k-hop', 'k-pop']",70
131,2FvD20Z8aoWIePi7PoN8sG,TOES (feat. Lil Baby & Moneybagg Yo),DaBaby,4r63FhuTkUYltbVAg5TQnk,1371237,"['nc hip hop', 'pop rap', 'rap']",93
132,5aUSEPNd3m5xliFK4pn5mU,Good Thing (with Kehlani),Zedd,2qxJFvFYMEDqd7ui6kSAcq,4891667,"['complextro', 'dance pop', 'edm', 'electro house', 'german techno', 'pop', 'post-teen pop', 'tropical house']",86
133,0c7K73roy6RW4ebDkf4yGh,VALENTINO,24kGoldn,6fWVd57NKTalqvmjRd2t8Z,34940,['cali rap'],76
134,7lnQCEtaDJeMZN75siSxLc,Fabergé,RIN,18ISxWwWjV6rPLoVCXf1dz,393669,"['german cloud rap', 'german hip hop']",78
136,1iQDltZqI7BXnHrFy4Qo1k,Trampoline (with ZAYN),SHAED,3KwmxIhSe9UTSEF37kwngR,72812,"['electropop', 'pop']",81
137,7iHHxY2NLlJRAmlAmC4ahQ,Stuck In A Dream (feat. Gunna),Lil Mosey,5zctI4wO9XSKS8XwcnqEHk,1222427,"['melodic rap', 'pop rap', 'rap', 'rap conscient', 'trap', 'vapor trap']",85
138,2b8fOow8UzyDFAE27YhOZM,Memories,Maroon 5,04gDigrS5kc9YWfZHwBETP,21028233,"['pop', 'pop rock']",93
139,5dAbSH2xc7CwFHHs649Vx6,"Beethoven: Elegy on the Death of a Poodle, WoO 110",Ludwig van Beethoven,2wOqMjp9TyABvtHdOSOTUS,2950642,"['classical', 'classical era', 'early romantic era']",77
140,4bJygwUKrRgq1stlNXcgMg,All The Things She Said,t.A.T.u.,2Q3eZMfDQgT8MhPowKFXYO,365703,"['dance pop', 'girl group']",62
141,77KMttn3Lic7ZQKDlPqp8v,INTRO,DaBaby,4r63FhuTkUYltbVAg5TQnk,1371237,"['nc hip hop', 'pop rap', 'rap']",93
143,72FTwwTOazhuJ1titOxq65,Ronin,Sturgill Simpson,3vDpQbGnzRbRVirXlfQagB,333623,"['alternative americana', 'nashville singer-songwriter', 'new americana', 'outlaw country', 'roots rock']",69
144,1hrHUEYoVBC1hNCXkX7tIA,Summer Cem (feat. Luciano),Summer Cem,3drqpTL4sQOckmAfF9i1wg,777139,['german hip hop'],82
145,0y675KDleCZEudjoeL1sQQ,Feelings,Lauv,5JZ7CnR6gTvEMKX4g70Amv,1959296,['pop'],90
146,1KdwnsWOvhM53vezy5ROuf,No Te Debí Besar,C. Tangana,5TYxZTjIPqKM8K8NuP9woO,785026,['trap espanol'],79
148,0u7aRGM7YmvtsmG5NSrNsO,Feel Special,TWICE,7n2Ycct7Beij7Dj7meI4X0,4256972,"['k-pop', 'k-pop girl group']",83
149,7Cuk8jsPPoNYQWXK9XRFvG,September,"Earth, Wind & Fire",4QQgXkCYTt3BlENzhyNETg,2067923,"['disco', 'funk', 'jazz funk', 'motown', 'quiet storm', 'soul']",77
150,0rKtyWc8bvkriBthvHKY8d,SLOW DANCING IN THE DARK,Joji,3MZsBdqDrRTJihTHQrO6Dq,1912482,"['alternative r&b', 'pop', 'viral pop']",85
152,0rFQ5cKYJ9WtHSKp9sxVYt,Heartless (feat. Morgan Wallen),Diplo,5fMUXHkw8R8eOP2RNVYEZX,2134259,"['bmore', 'edm', 'moombahton', 'ninja', 'pop', 'pop rap']",90
155,6zegtH6XXd2PDPLvy1Y0n2,Don’t Call Me Angel (Charlie’s Angels) (with Miley Cyrus & Lana Del Rey),Ariana Grande,66CXWjxzNUsdJxJ2JdwvnR,38897364,"['dance pop', 'pop', 'post-teen pop']",96
156,6V9fHiv84WlVTg7CSnIVY2,Graveyard,Halsey,26VFTg2z8YR0cCuwLzESi2,8469385,"['dance pop', 'electropop', 'etherpop', 'indie poptimism', 'pop', 'post-teen pop']",91
157,1c0hsvHLELX6y8qymnpLKL,Soltera - Remix,Lunay,47MpMsUfWtgyIIBEFOr4FE,1090195,"['latin', 'reggaeton flow']",88
158,5r7WvQtyPfy1xch5zMgGRp,Behind Barz - Bonus,Drake,3TVXtAsR1Inumwj472S9r4,42543081,"['canadian hip hop', 'canadian pop', 'hip hop', 'pop rap', 'rap', 'toronto rap']",98
159,4sWuPniHClkInYAnzXAYUF,Camelot,NLE Choppa,0ErzCpIMyLcjPiwT4elrtZ,567673,['memphis hip hop'],84
160,1RKZvaLj3UPhGjZkaIrFm7,Que Calor (feat. J Balvin & El Alfa),Major Lazer,738wLrAtLtCtFOLvQBXOXp,5806998,"['dance pop', 'edm', 'electro house', 'moombahton', 'pop']",86
161,4SDgTLDYrJ2UrHbkRkg7MD,Panini - DaBaby Remix,Lil Nas X,7jVv8c5Fj3E9VhNjxT4snq,1813504,"['country rap', 'lgbtq+ hip hop', 'pop rap']",87
162,1AGjF8pckOxTGeb5zubyqH,Genick,Loredana,2Im8m4STDBosjfmb5hmP80,480320,['kosovan pop'],77
163,2xE16muNCmhZwSOv3i1d1H,Mood Swings,A Boogie Wit da Hoodie,31W5EY0aAly4Qieq6OFu6I,3698466,"['melodic rap', 'pop rap', 'rap', 'trap']",91
164,1ndyl3wJCFs872XZ3ztPk6,"DJ No Pare (feat. Zion, Dalex, Lenny Tavárez) - Remix",Justin Quiles,14zUHaJZo1mnYtn6IBRaRP,1390752,"['latin', 'reggaeton']",90
167,4ZLzoOkj0MPWrTLvooIuaa,Get You The Moon (feat. Snøw),Kina,4qIVPF0s71ZYW3qzhu5GkF,213522,['pop'],80
169,0s5DNDV6LAKn2u2Ufa3VjQ,Desconocidos,Mau y Ricky,2wkoKEfS6dXwThbyTnZWFU,1430810,"['latin', 'latin pop', 'reggaeton']",83
170,21jGcNKet2qwijlDFuPiPb,Circles,Post Malone,246dkjvS1zLTtiykXe5h60,19826966,"['dfw rap', 'melodic rap', 'rap']",100
171,3RIgHHpnFKj5Rni1shokDj,Norman fucking Rockwell,Lana Del Rey,00FQb4jTyendYWaN8pK0wa,9418027,"['art pop', 'pop']",89
172,643PW82aBMUa1FiWi5VQY7,Babushka Boi,A$AP Rocky,13ubrt8QOOCPljQ2FL1Kca,6180940,"['east coast hip hop', 'hip hop', 'pop rap', 'rap', 'trap']",88
173,0Oqc0kKFsQ6MhFOLBNZIGX,Doin' Time,Lana Del Rey,00FQb4jTyendYWaN8pK0wa,9418027,"['art pop', 'pop']",89
174,6cjSh516BbrNUs213jDAGm,Graduation (with Juice WRLD),benny blanco,5CiGnKThu5ctn9pBxv7DGa,419032,"['dance pop', 'pop', 'pop rap', 'tropical house']",81
175,6eSU1exzDvBEXmBRxspeh5,Shots,Lil Tecca,4Ga1P7PMIsmqEZqhYZQgDo,1175953,['melodic rap'],89
176,6gBFPUFcJLzWGx4lenP6h2,goosebumps,Travis Scott,0Y5tJX1MQlPlqiwlOH1tJY,7191718,"['pop rap', 'rap']",97
177,2mdEsXPu8ZmkHRRtAdC09e,Cinnamon Girl,Lana Del Rey,00FQb4jTyendYWaN8pK0wa,9418027,"['art pop', 'pop']",89
179,6OG05bPAwUuV3OMvy2Vy1P,Mariners Apartment Complex,Lana Del Rey,00FQb4jTyendYWaN8pK0wa,9418027,"['art pop', 'pop']",89
180,2B9wgj9XzbJZLty03PRbVo,Bezerk (feat. A$AP Ferg & Hit-Boy),Big Sean,0c173mlxpT3dSFRgMO8XPh,6804213,"['detroit hip hop', 'hip hop', 'pop rap', 'rap', 'southern hip hop', 'trap']",86
181,4E6cwWJWZw2zWf7VFbH7wf,Love Song,Sara Bareilles,2Sqr0DXoaYABbjBo9HaMkM,1302444,"['acoustic pop', 'lilith', 'neo mellow', 'pop', 'pop rock']",75
182,3Z6gIq0qPBEpvL2pJRczFD,Up In Smoke,Jason Aldean,3FfvYsEGaIb52QPXhg4DcH,3449480,"['contemporary country', 'country', 'country road']",81
183,3hwQhakFwm9soLEBnSDH17,Venice Bitch,Lana Del Rey,00FQb4jTyendYWaN8pK0wa,9418027,"['art pop', 'pop']",89
184,684EjRHwNsZQ9hCQxL4NYL,"El Favor (with Nicky Jam & Sech, feat. Farruko, Zion & Lunay)",Dimelo Flow,3fZk3Gm5dN5v5yfYMQ04Bx,51289,"['reggaeton flow', 'trap latino']",80
185,3swc6WTsr7rl9DqQKQA55C,Psycho (feat. Ty Dolla $ign),Post Malone,246dkjvS1zLTtiykXe5h60,19826966,"['dfw rap', 'melodic rap', 'rap']",100
186,0RLLvYBopDwooCyvnTwgYu,F.N,Lil Tjay,6jGMq4yGs7aQzuGsMgVgZR,665517,"['melodic rap', 'nyc rap']",86
187,2pXpURmn6zC5ZYDMms6fwa,It's Beginning to Look a Lot Like Christmas,Perry Como,5v8jlSmAQfrkTjAlpUfWtu,202238,"['adult standards', 'brill building pop', 'easy listening', 'vocal jazz']",73
188,3a1lNhkSLSkpJE4MSHpDu9,Congratulations,Post Malone,246dkjvS1zLTtiykXe5h60,19826966,"['dfw rap', 'melodic rap', 'rap']",100
189,40riOy7x9W7GXjyGp4pjAv,Hotel California - 2013 Remaster,Eagles,0ECwFtbIWEVNwjlrfc6xoL,4069223,"['album rock', 'classic rock', 'folk rock', 'heartland rock', 'mellow gold', 'rock', 'singer-songwriter', 'soft rock', 'yacht rock']",80
190,3KkXRkHbMCARz0aVfEt68P,Sunflower - Spider-Man: Into the Spider-Verse,Post Malone,246dkjvS1zLTtiykXe5h60,19826966,"['dfw rap', 'melodic rap', 'rap']",100
191,1BxfuPKGuaTgP7aM0Bbdwr,Cruel Summer,Taylor Swift,06HL4z0CvFAxyc27GXpf02,24694043,"['pop', 'post-teen pop']",95
192,43rA71bccXFGD4C8GOpIlN,I Forgot That You Existed,Taylor Swift,06HL4z0CvFAxyc27GXpf02,24694043,"['pop', 'post-teen pop']",95
193,4y5bvROuBDPr5fuwXbIBZR,Paper Rings,Taylor Swift,06HL4z0CvFAxyc27GXpf02,24694043,"['pop', 'post-teen pop']",95
194,214nt20w5wOxJnY462klLw,Miss Americana & The Heartbreak Prince,Taylor Swift,06HL4z0CvFAxyc27GXpf02,24694043,"['pop', 'post-teen pop']",95
195,2YWtcWi3a83pdEg3Gif4Pd,I Think He Knows,Taylor Swift,06HL4z0CvFAxyc27GXpf02,24694043,"['pop', 'post-teen pop']",95
196,12M5uqx0ZuwkpLp5rJim1a,Cornelia Street,Taylor Swift,06HL4z0CvFAxyc27GXpf02,24694043,"['pop', 'post-teen pop']",95
197,3pHkh7d0lzM2AldUtz2x37,The Archer,Taylor Swift,06HL4z0CvFAxyc27GXpf02,24694043,"['pop', 'post-teen pop']",95
198,1LLXZFeAHK9R4xUramtUKw,London Boy,Taylor Swift,06HL4z0CvFAxyc27GXpf02,24694043,"['pop', 'post-teen pop']",95
199,2dgFqt3w9xIQRjhPtwNk3D,Death By A Thousand Cuts,Taylor Swift,06HL4z0CvFAxyc27GXpf02,24694043,"['pop', 'post-teen pop']",95
200,1SymEzIT3H8UZfibCs3TYi,Afterglow,Taylor Swift,06HL4z0CvFAxyc27GXpf02,24694043,"['pop', 'post-teen pop']",95
201,5hQSXkFgbxjZo9uCwd11so,False God,Taylor Swift,06HL4z0CvFAxyc27GXpf02,24694043,"['pop', 'post-teen pop']",95
202,3jbT1Y5MoPwEIpZndDDwVq,Adicto (with Anuel AA & Ozuna),Tainy,0GM7qgcRCORpGnfcN2tCiB,43408,['pop reggaeton'],86
203,4AYtqFyFbX0Xkc2wtcygTr,Soon You’ll Get Better (feat. Dixie Chicks),Taylor Swift,06HL4z0CvFAxyc27GXpf02,24694043,"['pop', 'post-teen pop']",95
204,1JRK7srBWUtAW7dPabKBwJ,Teeth,5 Seconds of Summer,5Rl15oVamLq7FbSb0NNBNy,5447385,"['boy band', 'dance pop', 'pop', 'post-teen pop']",87
205,1fzAuUVbzlhZ1lJAx9PtY6,Daylight,Taylor Swift,06HL4z0CvFAxyc27GXpf02,24694043,"['pop', 'post-teen pop']",95
206,1SmiQ65iSAbPto6gPFlBYm,It’s Nice To Have A Friend,Taylor Swift,06HL4z0CvFAxyc27GXpf02,24694043,"['pop', 'post-teen pop']",95
207,3drwaFqLSEjqzjNRbjap0R,Nummer 1,Capital Bra,4WZGDpNwrC0vNQyl9QzF7d,2814424,['german hip hop'],87
208,69M9QCMsCQ5MLsw7BBW0rL,Hi Roller,Lil Uzi Vert,4O15NlyKLIASxsJ0PrXPfz,7279468,"['melodic rap', 'philly rap', 'pop rap', 'rap', 'trap']",89
209,694vvR5o19xHPhhJ5QdLN7,NO HALO,BROCKHAMPTON,1Bl6wpkWCQ4KVgnASpvzzA,1067644,"['boy band', 'hip hop', 'pop rap', 'rap']",82
210,7aiClxsDWFRQ0Kzk5KI5ku,hot girl bummer,blackbear,2cFrymmkijnjDg9SS92EPM,2563711,"['pop', 'pop rap']",90
211,7MtVPRGtZl6rPjMfLoI3Lh,Fuck it I love you,Lana Del Rey,00FQb4jTyendYWaN8pK0wa,9418027,"['art pop', 'pop']",89
212,3707IBa4HnS3zDDoWfeUBl,I Warned Myself,Charlie Puth,6VuMaDnrHyPL1p4EHjYLi7,8609224,"['dance pop', 'pop', 'post-teen pop', 'viral pop']",84
214,1AI7UPw3fgwAFkvAlZWhE0,Take Me Back to London (feat. Stormzy),Ed Sheeran,6eUKZXaKkcviH0Ku9w2n3V,54933328,"['pop', 'uk pop']",97
216,1dGr1c8CrMLDpV6mPbImSI,Lover,Taylor Swift,06HL4z0CvFAxyc27GXpf02,24694043,"['pop', 'post-teen pop']",95
218,7BlBVFwvbWvcwNcUarQmjk,"Yo x Ti, Tu x Mi",ROSALÍA,7ltDVBr6mKbRvohxheJ9h1,1885321,['r&b en espanol'],85
219,44ADyYoY5liaRa3EOAl4uf,Slide Away,Miley Cyrus,5YGY8feqx7naU7z4HrwZM6,10373712,"['dance pop', 'pop', 'post-teen pop']",87
220,0rIAC4PXANcKmitJfoqmVm,Motivation,Normani,2cWZOOzeOm4WmBJRnD5R7I,621653,"['dance pop', 'pop', 'pop rap', 'post-teen pop', 'r&b', 'urban contemporary']",83
221,1GeNui6m825V8jP4uKiIaH,Bad Bad Bad (feat. Lil Baby),Young Thug,50co4Is1HCEo8bhOyUWKpn,4591980,"['atl hip hop', 'atl trap', 'gangster rap', 'melodic rap', 'pop rap', 'rap', 'trap']",93
222,5MPPttjfGap2C6j6eKcO6J,Baby (Lil Baby feat. DaBaby),Quality Control,6i392l38cR3uBPF0DbNs7S,461075,"['hip hop', 'melodic rap', 'pop rap', 'rap', 'southern hip hop', 'trap']",81
223,2sqsNXfN0HtgDEgaHXiUTa,Won't Be Late (feat. Drake),Swae Lee,1zNqQNIdeOUZHb8zbZRFMX,531272,['trap'],88
224,3Yh9lZcWyKrK9GjbhuS0hR,Good as Hell,Lizzo,56oDRnqbIiwx4mymNEv7dS,1554987,"['escape room', 'minnesota hip hop', 'pop', 'pop rap', 'trap queen']",88
225,2WsuSYJNXGKXVYkHPnq2yp,Ransom (with Juice WRLD) - Remix,Lil Tecca,4Ga1P7PMIsmqEZqhYZQgDo,1175953,['melodic rap'],89
226,5Z8HZM6iQMhhqyPcCGY5g9,Hot (feat. Gunna),Young Thug,50co4Is1HCEo8bhOyUWKpn,4591980,"['atl hip hop', 'atl trap', 'gangster rap', 'melodic rap', 'pop rap', 'rap', 'trap']",93
227,2S93hylQBYLndMnaJuso8S,"Nicki Nicole: Bzrp Music Sessions, Vol. 13",Bizarrap,716NhGYqD1jl2wI1Qkgq36,433187,"['argentine hip hop', 'trap argentino']",82
229,4guBZjUyrGoHsTahO3IHdj,Did It Again,Lil Tecca,4Ga1P7PMIsmqEZqhYZQgDo,1175953,['melodic rap'],89
230,6igOR5QCn09zAVF2ikZjsV,Surf (feat. Gunna),Young Thug,50co4Is1HCEo8bhOyUWKpn,4591980,"['atl hip hop', 'atl trap', 'gangster rap', 'melodic rap', 'pop rap', 'rap', 'trap']",93
231,3pTScODwk9tggZzmuH6xDY,What's the Move (feat. Lil Uzi Vert),Young Thug,50co4Is1HCEo8bhOyUWKpn,4591980,"['atl hip hop', 'atl trap', 'gangster rap', 'melodic rap', 'pop rap', 'rap', 'trap']",93
232,4oPnxZzoc8HM5Pva4FDeIp,Te Soñé de Nuevo,Ozuna,1i8SpTcr7yvPOmcqrbnVXY,20329848,"['latin', 'puerto rican pop', 'reggaeton', 'trap latino']",98
233,5N1o6d8zGcSZSeMFkOUQOk,Hot Girl Summer (feat. Nicki Minaj & Ty Dolla $ign),Megan Thee Stallion,181bsRPaVXVlUKXrxwZfHK,543002,"['houston rap', 'pop', 'pop rap', 'trap queen']",81
234,4NmE2ytXI8S2svTRSmEdpO,Small Talk,Katy Perry,6jJ0s89eD6GaHleKKya26X,14242059,"['dance pop', 'pop', 'post-teen pop']",88
235,1nocRtwyNPVtGcIJqfgdzZ,Tutu,Camilo,28gNT5KBp7IjEOQoevXf9N,333176,['colombian pop'],85
236,10hMM5nsZQf66ldBlgWBfG,All For Us - from the HBO Original Series Euphoria,Labrinth,2feDdbD5araYcm6JhFHHw7,984227,['pop'],83
237,6PYnUsNEpYC7A4BS2sjw3L,Right Back (feat. A Boogie Wit Da Hoodie),Khalid,6LuN9FCkKOj5PcnpouEgny,9452107,"['alternative r&b', 'pop']",96
238,2hnxrRNzF74mdDzpQZQukQ,There's No Way (feat. Julia Michaels),Lauv,5JZ7CnR6gTvEMKX4g70Amv,1959296,['pop'],90
239,1EoEU4HY57qaITp06TkC6B,Goteo,Duki,1bAftSH8umNcGZ0uyV7LMg,2546063,"['argentine hip hop', 'trap argentino']",84
240,1usK5eLBzpQTMwDt8SR2dr,Snake Skin,Trippie Redd,6Xgp2XMz1fhVYe7i6yNAax,3718423,"['melodic rap', 'pop rap', 'rap', 'trap']",92
241,5KBARWIxeMGkvUax9VtVC9,My Type,Saweetie,6cK3NBO6uP7hh0oyuVELFl,479633,"['cali rap', 'pop', 'pop rap', 'trap queen']",76
242,4Of7rzpRpV1mWRbhp5rAqG,Bruises,Lewis Capaldi,4GNC7GD6oZMSxPGyXy4MNB,1690925,"['pop', 'uk pop']",91
243,4e34Qq2lkp92egwgjacVcT,Mac 10,Trippie Redd,6Xgp2XMz1fhVYe7i6yNAax,3718423,"['melodic rap', 'pop rap', 'rap', 'trap']",92
244,4wyNKAZe82BNlp2lHiR1FX,CANGURO,WOS,5YCc6xS5Gpj3EkaYGdjyNK,576409,['argentine indie'],78
246,0Ryd8975WihbObpp5cPW1t,boyfriend (with Social House),Ariana Grande,66CXWjxzNUsdJxJ2JdwvnR,38897364,"['dance pop', 'pop', 'post-teen pop']",96
247,322tcqPhma7F6hfCeLisx0,"fuck, i'm lonely (with Anne-Marie) - from “13 Reasons Why: Season 3”",Lauv,5JZ7CnR6gTvEMKX4g70Amv,1959296,['pop'],90
248,6K5BsR04ijf3FHNzjbaagD,Si Se Da - Remix,Myke Towers,7iK8PXO48WeuP03g8YR51W,724206,"['latin', 'trap latino']",91
249,1YQWRvQ273ncAzr1mMfHEa,"Leonore, Op. 72a, Dritter Aufzug, Zweiter Auftritt: Nr. 14. Melodram und Duett „Eiskalt ist es hier!"" (Leonore, Rocco) (1805 version)",Ludwig van Beethoven,2wOqMjp9TyABvtHdOSOTUS,2950642,"['classical', 'classical era', 'early romantic era']",77
251,4n4BflhWjCHIxrI4v7Xt9s,How Bout Now,Drake,3TVXtAsR1Inumwj472S9r4,42543081,"['canadian hip hop', 'canadian pop', 'hip hop', 'pop rap', 'rap', 'toronto rap']",98
254,4Wjhj0WjkyECccfHVIgaTq,Trust Issues,Drake,3TVXtAsR1Inumwj472S9r4,42543081,"['canadian hip hop', 'canadian pop', 'hip hop', 'pop rap', 'rap', 'toronto rap']",98
256,1qyFlfPREPbRcS2BNszdYI,Dreams Money Can Buy,Drake,3TVXtAsR1Inumwj472S9r4,42543081,"['canadian hip hop', 'canadian pop', 'hip hop', 'pop rap', 'rap', 'toronto rap']",98
257,5rU6kDNXZLXIinFezpbWbO,Tap (feat. Meek Mill),NAV,7rkW85dBwwrJtlHRDkJDAC,1680436,"['canadian hip hop', 'melodic rap', 'pop rap', 'rap', 'southern hip hop', 'toronto rap', 'trap']",83
258,3f5lA8nnc4YYF1qf78WpHw,Ella Quiere Beber - Remix,Anuel AA,2R21vXR83lH98kGeO99Y66,9180951,"['latin', 'reggaeton flow', 'trap latino']",96
259,4bTZeO72FwMa6wKOiqoynL,Otro Trago - Remix,Sech,77ziqFxp5gaInVrF2lj4ht,1835658,"['panamanian pop', 'reggaeton']",94
260,6osaMSJh9NguagEDQcZaKx,Loco Contigo (feat. J. Balvin & Tyga),DJ Snake,540vIaP2JwjQb9dm3aArA4,6087420,['electronic trap'],87
261,6woeVu3fVMflqen1t4N6pg,Old Town Road (feat. RM of BTS) - Seoul Town Road Remix,Lil Nas X,7jVv8c5Fj3E9VhNjxT4snq,1813504,"['country rap', 'lgbtq+ hip hop', 'pop rap']",87
262,4aPB8rSxGFISs0o6V2LrTy,Gold Roses (feat. Drake),Rick Ross,1sBkRIssrMs1AbVkOJbc7a,3599696,"['dirty south rap', 'gangster rap', 'hip hop', 'pop rap', 'rap', 'southern hip hop', 'trap']",86
264,0KoiMHhqKLoL4xM54rcWYY,"Taki Taki (feat. Selena Gomez, Ozuna & Cardi B)",DJ Snake,540vIaP2JwjQb9dm3aArA4,6087420,['electronic trap'],87
265,1kMUGCt7XLDc5Q64Vl0H8S,Bellacoso,Residente,5GcWBUX00IPuWVGMIRK1sS,532568,['venezuelan hip hop'],74
266,67xBtV07CC73eFw7z5oCvU,Do You Remember,Chance the Rapper,1anyVhU62p31KFi8MEzkbf,4509118,"['chicago rap', 'conscious hip hop', 'hip hop', 'pop rap', 'rap']",87
267,4Clmg1g8n2yBYG13Z1oSdG,Baila Conmigo (feat. Kelly Ruiz),Dayvi,2TWBei99x2tV70bdYbWdAf,21431,"['circuit', 'guaracha']",72
268,14mHfNsSHN0FbLftyjrV9g,Leave Me Alone,Flipp Dinero,2HUwZ0kumzCSlhFcjFZfpp,448549,"['melodic rap', 'pop rap', 'rap', 'southern hip hop', 'trap', 'underground hip hop', 'vapor trap']",74
269,1g3ErLqysBJ5EIGdYYMWFZ,All Day Long,Chance the Rapper,1anyVhU62p31KFi8MEzkbf,4509118,"['chicago rap', 'conscious hip hop', 'hip hop', 'pop rap', 'rap']",87
270,2EEmzqzM70CybVspgM7YRT,La Boca - Remix,Mau y Ricky,2wkoKEfS6dXwThbyTnZWFU,1430810,"['latin', 'latin pop', 'reggaeton']",83
271,5lw8Mgb4LyhriPIC86gV6e,RNP (feat. Anderson .Paak),YBN Cordae,0huGjMyP507tBCARyzSkrv,803087,"['dmv rap', 'hip hop', 'pop rap', 'rap', 'trap', 'underground hip hop', 'vapor trap']",78
273,660eekzsNZ7sdATvfIsAkR,"Fuego (with Sean Paul & Anitta, feat. Tainy)",DJ Snake,540vIaP2JwjQb9dm3aArA4,6087420,['electronic trap'],87
274,3U4isOIWM3VvDubwSI3y7a,All of Me,John Legend,5y2Xq6xcjJb2jVM54GHK3t,4757173,"['neo mellow', 'neo soul', 'pop', 'r&b', 'urban contemporary']",84
275,1EzrEOXmMH3G43AXT1y7pA,I'm Yours,Jason Mraz,4phGZZrJZRo4ElhRtViYdl,4897749,"['acoustic pop', 'neo mellow', 'pop', 'pop rock']",81
276,2ksOAxtIxY8yElEWw8RhgK,China,Anuel AA,2R21vXR83lH98kGeO99Y66,9180951,"['latin', 'reggaeton flow', 'trap latino']",96
277,6b2RcmUt1g9N9mQ3CbjX2Y,How Do You Sleep?,Sam Smith,2wY79sveU1sp5g7SokKOiI,10622062,"['pop', 'uk pop']",92
279,7oqftogUN82Q7VNy2TmTJW,MOOD 4 EVA (feat. Oumou Sangaré),Beyoncé,6vWDO969PvNqNYHIOW5v0m,20982858,"['dance pop', 'pop', 'r&b']",90
280,2XU0oxnq2qxCpomAAuJY8K,Dance Monkey,Tones and I,2NjfBq1NflQcKSeiDooVjY,283235,['australian pop'],90
281,4a6q8CR2hzLk2plDkSxkfD,I.F.L.Y.,Bazzi,4GvEc3ANtPPjt1ZJllr5Zl,2498400,"['pop', 'post-teen pop']",86
282,0B3FovCVaGKS5w1FTidEUP,BROWN SKIN GIRL,Blue Ivy,3XV0lFzNs8BCTwhJTcMiBr,2668,"['pop', 'pop rap']",62
284,2nKYHpmwjLaEOXS3o7QMiz,Baby,Quality Control,6i392l38cR3uBPF0DbNs7S,461075,"['hip hop', 'melodic rap', 'pop rap', 'rap', 'southern hip hop', 'trap']",81
285,3loy88Lp5qoTHhL8GhRfVZ,Mekanın Sahibi,Norm Ender,3S6gaE89XewFAvZqsMuJDJ,698052,['turkish hip hop'],68
286,3dWpRjCmaHbroNahuSeX11,Rebota - Remix,Guaynaa,0BqURncJM5B1BBu7UM51eq,167531,"['latin', 'reggaeton', 'reggaeton flow']",79
287,3GmfHF5RUe6r5C9UbvIXQp,Neptun,KC Rebell,5p7mWeX4RlvqBCxylfiXdE,882046,['german hip hop'],75
288,5N5k9nd479b1xpDZ4usjrg,Promises (with Sam Smith),Calvin Harris,7CajNmpbOovFoOoasH2HaY,18915971,"['dance pop', 'edm', 'electro house', 'house', 'pop', 'progressive house', 'tropical house', 'uk dance']",89
289,0OTBOHjEaoqroFlfut1ZsH,"Royalty (feat. Ky-Mani Marley, Stefflon Don & Vybz Kartel)",XXXTENTACION,15UsOTVnJzReFVN1VCnxy4,16459730,"['emo rap', 'miami hip hop']",93
291,5naYe7rLMZcLfO1DKg48MK,All Day And Night - Jax Jones & Martin Solveig Present Europa,Jax Jones,4Q6nIcaBED8qUel8bBx6Cr,627756,"['dance pop', 'edm', 'house', 'pop', 'tropical house', 'uk dance']",81
292,4bHsxqR3GMrXTxEPLuK5ue,Don't Stop Believin',Journey,0rvjqX7ttXeg3mTy8Xscbt,2552476,"['album rock', 'hard rock', 'mellow gold', 'rock', 'soft rock']",77
293,4NSW0Km5ZG60L8FthUebPJ,What I Like About You (feat. Theresa Rex),Jonas Blue,1HBjj22wzbscIZ9sEb5dyf,2437516,"['dance pop', 'edm', 'pop', 'tropical house', 'uk dance']",85
294,1DhRbox3xkceP64k3JeYfW,Antisocial (with Travis Scott),Ed Sheeran,6eUKZXaKkcviH0Ku9w2n3V,54933328,"['pop', 'uk pop']",97
295,3yNZ5r3LKfdmjoS3gkhUCT,bad guy (with Justin Bieber),Billie Eilish,6qqNVTkY8uBg9cP3Jd7DAH,16487066,"['electropop', 'pop']",97
296,4vUmTMuQqjdnvlZmAH61Qk,South of the Border (feat. Camila Cabello & Cardi B),Ed Sheeran,6eUKZXaKkcviH0Ku9w2n3V,54933328,"['pop', 'uk pop']",97
297,0AtP8EkGPn6SwxKDaUuXec,Remember The Name (feat. Eminem & 50 Cent),Ed Sheeran,6eUKZXaKkcviH0Ku9w2n3V,54933328,"['pop', 'uk pop']",97
299,2qRN7PWiHRLprw4FpDeI9N,Nothing On You (feat. Paulo Londra & Dave),Ed Sheeran,6eUKZXaKkcviH0Ku9w2n3V,54933328,"['pop', 'uk pop']",97
300,5T03itPFOPGGkvVPvPiyla,Put It All on Me (feat. Ella Mai),Ed Sheeran,6eUKZXaKkcviH0Ku9w2n3V,54933328,"['pop', 'uk pop']",97
301,1Bdptrvb7nQkq8kCw3siE9,Feels (feat. Young Thug & J Hus),Ed Sheeran,6eUKZXaKkcviH0Ku9w2n3V,54933328,"['pop', 'uk pop']",97
302,2YpeDb67231RjR0MgVLzsG,Old Town Road - Remix,Lil Nas X,7jVv8c5Fj3E9VhNjxT4snq,1813504,"['country rap', 'lgbtq+ hip hop', 'pop rap']",87
303,4vIKzWqtn44umal5jXq4wE,1000 Nights (feat. Meek Mill & A Boogie Wit da Hoodie),Ed Sheeran,6eUKZXaKkcviH0Ku9w2n3V,54933328,"['pop', 'uk pop']",97
304,5d1rmWWF1725tnYjq6rMDB,Way To Break My Heart (feat. Skrillex),Ed Sheeran,6eUKZXaKkcviH0Ku9w2n3V,54933328,"['pop', 'uk pop']",97
305,3FHXUqaUer9o231Je1zxIN,I Don't Want Your Money (feat. H.E.R.),Ed Sheeran,6eUKZXaKkcviH0Ku9w2n3V,54933328,"['pop', 'uk pop']",97
306,2IZZqH4K02UIYg5EohpNHF,Zombie,The Cranberries,7t0rwkOPGlDPEhaOcVtOt9,1832739,"['irish rock', 'pop rock', 'rock']",76
307,7qLnSuxwLNlcapat8OCWZp,Ela É do Tipo (feat. Drake) - Remix,MC Kevin o Chris,2UMj7NCbuqy1yUZmiSYGjJ,920813,['funk carioca'],83
308,0IhTEIjFaRt3B2NQYf9azQ,Thing For You (With Martin Solveig),David Guetta,1Cs0zKBU1kc0i8ypK3B9ai,20468693,"['dance pop', 'edm', 'pop']",90
309,1gZFRYcPz3wKevEaNYRwfW,Time - Edit,NF,6fOMl44jA4Sp5b9PpYCkzz,2650761,"['hip hop', 'pop rap', 'rap']",88
310,67XyC1GdSkKb9sbRRkUDXS,Shotta Flow (Feat. Blueface) [Remix],NLE Choppa,0ErzCpIMyLcjPiwT4elrtZ,567673,['memphis hip hop'],84
311,5qN1G8fSHq4Sv5FRoOkNGu,Por Eso Vine,Paulo Londra,3vQ0GE3mI0dAaxIMYe5g7z,8417991,"['argentine hip hop', 'trap argentino', 'trap latino']",86
312,5L1KlxFJOzmixYCjlvyEGr,Raffaello,Shindy,5j21TGkrNEAJe3gG9VlS34,572985,['german hip hop'],74
313,1JSTJqkT5qHq8MDJnJbRE1,Every Breath You Take,The Police,5NGO30tJxFlKixkPSgXcFE,3135398,"['album rock', 'art rock', 'classic rock', 'dance rock', 'mellow gold', 'new wave', 'permanent wave', 'rock', 'soft rock']",79
314,1tC5WMSlsGDFfqnrquB1ty,"SPIRIT - From Disney's ""The Lion King""",Beyoncé,6vWDO969PvNqNYHIOW5v0m,20982858,"['dance pop', 'pop', 'r&b']",90
315,5RgBnDtHKFHgtVdqabjGE3,Harder (with Bebe Rexha),Jax Jones,4Q6nIcaBED8qUel8bBx6Cr,627756,"['dance pop', 'edm', 'house', 'pop', 'tropical house', 'uk dance']",81
316,0t3ZvGKlmYmVsDzBJAXK8C,Goodbyes (feat. Young Thug),Post Malone,246dkjvS1zLTtiykXe5h60,19826966,"['dfw rap', 'melodic rap', 'rap']",100
317,5ug4vqGZ3eisGhY1IsziNX,Best Part of Me (feat. YEBBA),Ed Sheeran,6eUKZXaKkcviH0Ku9w2n3V,54933328,"['pop', 'uk pop']",97
318,6MF4tRr5lU8qok8IKaFOBE,Under The Sun (with J. Cole & Lute feat. DaBaby),Dreamville,1iNqsUDUraNWrj00bqssQG,170565,"['hip hop', 'pop rap', 'rap']",78
319,36J0iaPDGbYGsHvYpaYs3k,"Down Bad (feat. JID, Bas, J. Cole, EARTHGANG & Young Nudy)",Dreamville,1iNqsUDUraNWrj00bqssQG,170565,"['hip hop', 'pop rap', 'rap']",78
320,6EbduYTr62sSzvl36wWiFM,BLOW (with Chris Stapleton & Bruno Mars),Ed Sheeran,6eUKZXaKkcviH0Ku9w2n3V,54933328,"['pop', 'uk pop']",97
321,5opjywL6TBjJRF22TcFDMo,Jetzt rufst du an,Loredana,2Im8m4STDBosjfmb5hmP80,480320,['kosovan pop'],77
322,3Hh0ZcGIqIkSiJVZGLcVLx,YOSHI (feat. Fabri Fibra) - prod. Strage,MACHETE,7Do8se3ZoaVqUt3woqqSrD,157099,['trap italiana'],74
323,4no0eHn4fEB7tN1yZSXMma,C7osure (You Like),Lil Nas X,7jVv8c5Fj3E9VhNjxT4snq,1813504,"['country rap', 'lgbtq+ hip hop', 'pop rap']",87
324,0nFCpnM7nistUWXRZpzOWM,HO PAURA DI USCIRE 2 - prod. Mace,MACHETE,7Do8se3ZoaVqUt3woqqSrD,157099,['trap italiana'],74
325,0U6bQIAh6MCGo1xjbIIx2S,Instagram,Dimitri Vegas & Like Mike,73jBynjsVtofjRpdpRAJGk,2653476,"['belgian dance', 'belgian edm', 'big room', 'deep big room', 'edm', 'electro house', 'progressive electro house', 'tropical house']",81
326,5WnfnSpuNEGXyEt78PBA6d,"Costa Rica (with Bas & JID feat. Guapdad 4000, Reese LAFLARE, Jace, Mez, Smokepurpp, Buddy & Ski Mask The Slump God)",Dreamville,1iNqsUDUraNWrj00bqssQG,170565,"['hip hop', 'pop rap', 'rap']",78
328,28fRkU3vhqAJdl9i9458pQ,MARYLEAN (feat. Marracash) - prod. Low Kidd,MACHETE,7Do8se3ZoaVqUt3woqqSrD,157099,['trap italiana'],74
329,2K3bjojp1sCLdMMoO5lJ2p,Milionària,ROSALÍA,7ltDVBr6mKbRvohxheJ9h1,1885321,['r&b en espanol'],85
330,3pZO6GoVPeSYDxxsH6vCdj,Sunset (with J. Cole feat. Young Nudy),Dreamville,1iNqsUDUraNWrj00bqssQG,170565,"['hip hop', 'pop rap', 'rap']",78
333,18uwL0vNUanqZH0ro2QcOP,comethru,Jeremy Zucker,3gIRvgZssIb9aiirIg0nI3,551057,"['pop', 'pop rap']",83
334,4evmHXcjt3bTUHD1cvny97,Beautiful People (feat. Khalid),Ed Sheeran,6eUKZXaKkcviH0Ku9w2n3V,54933328,"['pop', 'uk pop']",97
335,25ZAibhr3bdlMCLmubZDVt,QUE PRETENDES,J Balvin,1vyhD5VmyZ7KMfW5gqLgo5,16475449,"['latin', 'reggaeton']",99
336,0fea68AdmYNygeTGI4RC18,LA CANCIÓN,J Balvin,1vyhD5VmyZ7KMfW5gqLgo5,16475449,"['latin', 'reggaeton']",99
337,6oJ6le65B3SEqPwMRNXWjY,Higher Love,Kygo,23fqKkggKUBHNkbKtXEls4,5747052,"['edm', 'pop', 'tropical house']",88
338,3msKIQc0Yjuz3Zn39g3KLX,Don't Check On Me (feat. Justin Bieber & Ink),Chris Brown,7bXgB6jMjp9ATFy66eO08Z,9980971,"['dance pop', 'pop', 'pop rap', 'r&b', 'rap']",93
339,71pEiUWwfDFiRO6RmFpnBf,MOJAITA,J Balvin,1vyhD5VmyZ7KMfW5gqLgo5,16475449,"['latin', 'reggaeton']",99
341,7hynhxDoDpgMIV12JuVtNa,UN PESO,J Balvin,1vyhD5VmyZ7KMfW5gqLgo5,16475449,"['latin', 'reggaeton']",99
342,1SMmpMItx8YbBiDU6UtWL5,ON OFF (feat. Maître Gims),Shirin David,0JBdTCGs111JKKYfLqOEBa,301674,['german pop'],70
343,0uIfrUwwg0Z7KTitul7E3T,YO LE LLEGO,J Balvin,1vyhD5VmyZ7KMfW5gqLgo5,16475449,"['latin', 'reggaeton']",99
344,3VamXAvVMczcS2PTYtPfBQ,Best Shot,Jimmie Allen,147nKr9upHZSSxqCzh9j7c,43160,"['contemporary country', 'country pop']",66
345,7MRU4vOkywuhZ9kbFiPuiu,Si Supieras,Daddy Yankee,4VMYDCV2IEDYJArk749S6m,14976430,"['latin', 'latin hip hop', 'reggaeton', 'tropical']",95
346,5EgYDyMDCi8X0zDydTF7Rb,Heartbeat (BTS World Original Soundtrack),BTS,3Nrfpe0tUJi4K4DXYWgMUX,14810112,"['k-pop', 'k-pop boy group']",92
347,0hWzB4dR1zwcokPvccww0k,When I Grow Up,NF,6fOMl44jA4Sp5b9PpYCkzz,2650761,"['hip hop', 'pop rap', 'rap']",88
348,7knLcYCOSaURD0d7HUULFM,COMO UN BEBÉ,J Balvin,1vyhD5VmyZ7KMfW5gqLgo5,16475449,"['latin', 'reggaeton']",99
349,7alOsNr36sJ8CyOEP4aILq,ODIO,J Balvin,1vyhD5VmyZ7KMfW5gqLgo5,16475449,"['latin', 'reggaeton']",99
350,6SYSu569pfYdkDT9A5lZqi,CUIDAO POR AHÍ,J Balvin,1vyhD5VmyZ7KMfW5gqLgo5,16475449,"['latin', 'reggaeton']",99
351,3cg9A9GVyZAT2CPevqWr65,Cambio,Ozuna,1i8SpTcr7yvPOmcqrbnVXY,20329848,"['latin', 'puerto rican pop', 'reggaeton', 'trap latino']",98
352,2zjGJ0dChMR0KxBZS15aqo,"Baguettes in the Face (feat. NAV, Playboi Carti & A Boogie Wit da Hoodie)",Mustard,0YinUQ50QDB7ZxSCLyQ40k,508174,"['cali rap', 'hip hop', 'pop rap', 'rap', 'southern hip hop', 'trap']",84
353,7oK9VyNzrYvRFo7nQEYkWN,Mr. Brightside,The Killers,0C0XlULifJtAgn6ZNCW2eu,4983550,"['indie rock', 'modern rock', 'permanent wave', 'rock']",81
354,0TK2YIli7K1leLovkQiNik,Señorita,Shawn Mendes,7n2wHs1TKAczGzO7Dd2rGr,21866595,"['canadian pop', 'pop', 'post-teen pop', 'viral pop']",93
355,6fTt0CH2t0mdeB2N9XFG5r,Panini,Lil Nas X,7jVv8c5Fj3E9VhNjxT4snq,1813504,"['country rap', 'lgbtq+ hip hop', 'pop rap']",87
356,4ak7xjvBeBOcJGWFDX9w5n,Rodeo,Lil Nas X,7jVv8c5Fj3E9VhNjxT4snq,1813504,"['country rap', 'lgbtq+ hip hop', 'pop rap']",87
357,1VEMUkGFio5uURvN8x1DZJ,Tilidin,Capital Bra,4WZGDpNwrC0vNQyl9QzF7d,2814424,['german hip hop'],87
358,4hPpVbbakQNv8YTHYaOJP4,One Thing Right,Marshmello,64KEffDW9EtZ1y2vBYgq8T,18720303,"['brostep', 'progressive electro house']",90
359,3DK6m7It6Pw857FcQftMds,Runaway,Kanye West,5K4W6rqBFWDnAN6FQUkS6x,10761483,"['chicago rap', 'pop rap', 'rap']",95
360,51Fjme0JiitpyXKuyQiCDo,Lalala,Y2K,6USMTwO0MNDnKte5a5h0xx,112783,['pop rap'],82
361,1ZDmxwg7Lywlx68b7SsJjj,MEGATRON,Nicki Minaj,0hCNtLu0JehylgoiP8L4Gh,16564162,"['dance pop', 'hip pop', 'pop', 'pop rap', 'post-teen pop', 'rap']",93
362,56JyMaElW79S7TDWh1Zw1m,On A Roll,Ashley O,14scxEoUN7Dcx1m4EQ7oHe,54864,[],60
363,3curZWW2YQBZgaIYwkJp3L,weR mAChT PaRA 2,Dardan,3pjq2pDV9RR6VY55wBjVnp,566023,"['albanian hip hop', 'german hip hop']",73
364,0SuLAslEMFZAXf0SwY7syi,All Time Low,Jon Bellion,50JJSqHUf2RQ9xsHs0KMHg,987239,"['pop', 'pop rap']",79
365,2gTdDMpNxIRFSiu7HutMCg,I Think I'm OKAY (with YUNGBLUD & Travis Barker),Machine Gun Kelly,6TIYQ3jFPwQSRmorSezPxX,1742894,"['pop rap', 'rap']",83
366,0qc4QlcCxVTGyShurEv1UU,Post Malone (feat. RANI),Sam Feldt,20gsENnposVs2I4rQ5kvrf,438025,"['edm', 'electro house', 'pop', 'pop edm', 'tropical house']",81
367,70sKIAQgaVN2zWEEyOpyMZ,All Night (BTS World Original Soundtrack) [Pt. 3],BTS,3Nrfpe0tUJi4K4DXYWgMUX,14810112,"['k-pop', 'k-pop boy group']",92
368,2wZjsbwmWfNVslgV5afl1L,Out The Mud,Lil Baby,5f7VJjfbwm532GiveGC0ZK,3014831,"['atl hip hop', 'atl trap', 'pop rap', 'rap', 'trap']",92
369,5J64qSSq0VZuh0CiI9o9Nq,Tú No Amas,Mambo Kingz,2T1aUibqR2QC2sINIDQOAK,90040,['reggaeton flow'],81
371,3QGsuHI8jO1Rx4JWLUh9jd,Treat You Better,Shawn Mendes,7n2wHs1TKAczGzO7Dd2rGr,21866595,"['canadian pop', 'pop', 'post-teen pop', 'viral pop']",93
373,34gCuhDGsG4bRPIf9bb02f,Thinking out Loud,Ed Sheeran,6eUKZXaKkcviH0Ku9w2n3V,54933328,"['pop', 'uk pop']",97
374,6RRNNciQGZEXnqk8SQ9yv5,You Need To Calm Down,Taylor Swift,06HL4z0CvFAxyc27GXpf02,24694043,"['pop', 'post-teen pop']",95
375,5ry2OE6R2zPQFDO85XkgRb,Money In The Grave (Drake ft. Rick Ross),Drake,3TVXtAsR1Inumwj472S9r4,42543081,"['canadian hip hop', 'canadian pop', 'hip hop', 'pop rap', 'rap', 'toronto rap']",98
376,3xaugmCyXrVkrDTXbFkMW3,Sanctuary,Joji,3MZsBdqDrRTJihTHQrO6Dq,1912482,"['alternative r&b', 'pop', 'viral pop']",85
377,5Shjuje8PRcX7ueEVajrLH,Loco Contigo (with J. Balvin & Tyga) - Cedric Gervais Remix,DJ Snake,540vIaP2JwjQb9dm3aArA4,6087420,['electronic trap'],87
378,5b195aHKKd6oTr4f7DoRCo,Olabilir,MERO,5wyWp867LWGjFmYZXVSFnZ,1022091,['german hip hop'],77
379,3kCwyvhvVTyehIzYN2I0nF,Omertà,Drake,3TVXtAsR1Inumwj472S9r4,42543081,"['canadian hip hop', 'canadian pop', 'hip hop', 'pop rap', 'rap', 'toronto rap']",98
381,0UAGQMu69SmPBLSVNVK2D0,Royal Rumble (Se Van),Daddy Yankee,4VMYDCV2IEDYJArk749S6m,14976430,"['latin', 'latin hip hop', 'reggaeton', 'tropical']",95
382,2FqqVHvC4eKrsk97vpMRid,Focus (feat. 21 Savage),Bazzi,4GvEc3ANtPPjt1ZJllr5Zl,2498400,"['pop', 'post-teen pop']",86
383,5XkyZyKMdFungjDb9cUKc3,A Brand New Day (BTS World Original Soundtrack) [Pt. 2],BTS,3Nrfpe0tUJi4K4DXYWgMUX,14810112,"['k-pop', 'k-pop boy group']",92
384,6H7fWtwEUHVfTyZD7zeG4w,when the party's over - Recorded at Spotify Studios NYC,Lewis Capaldi,4GNC7GD6oZMSxPGyXy4MNB,1690925,"['pop', 'uk pop']",91
385,2nPJnablplDgVVgSDF9BAs,Diamonds (feat. Capital Bra),Summer Cem,3drqpTL4sQOckmAfF9i1wg,777139,['german hip hop'],82
387,0SGkqnVQo9KPytSri1H6cF,Bounce Back,Big Sean,0c173mlxpT3dSFRgMO8XPh,6804213,"['detroit hip hop', 'hip hop', 'pop rap', 'rap', 'southern hip hop', 'trap']",86
388,7AFASza1mXqntmGtbxXprO,changes,XXXTENTACION,15UsOTVnJzReFVN1VCnxy4,16459730,"['emo rap', 'miami hip hop']",93
389,2JoIjuzRplpYGvvLpSW2on,Sad Song (feat. TINI),Alesso,4AVFqumd2ogHFlRbKIjp1t,3147668,"['big room', 'dance pop', 'edm', 'electro house', 'pop', 'progressive electro house', 'tropical house']",80
391,2KKijf6Ett4kmVNJze2roh,The Git Up,Blanco Brown,3yzRiNMZdTsSUgplcyYZ4i,62473,['country rap'],71
392,7DHApOHsIFo7EyfieArYGE,Walk Me Home,P!nk,1KCSPY1glIKqW2TotWuXOR,7458898,"['dance pop', 'pop', 'post-teen pop']",86
393,6cr6UDpkjEaMQ80OjWqEBQ,Sultans of Swing,Dire Straits,0WwSkZ7LtFUFjGjMZBMt6T,2969823,"['album rock', 'classic rock', 'mellow gold', 'rock', 'soft rock']",79
394,2374M0fQpWi3dLnB54qaLX,Africa,TOTO,0PFtn5NtBbbUNbU9EAmIWF,1259669,"['album rock', 'mellow gold', 'rock', 'soft rock', 'yacht rock']",77
395,2x0RZdkZcD8QRI53XT4GI5,SOS (feat. Aloe Blacc),Avicii,1vCWHaC5f2uS3yhpwWbIA6,15989539,"['big room', 'edm', 'pop']",87
396,1HXy5I3HTWq8OvxCn0z7G7,Heaven,Kane Brown,3oSJ7TBVCWMDMiYjXNiCKE,2014202,"['contemporary country', 'country road']",83
397,6XHVuErjQ4XNm6nDPVCxVX,No Guidance (feat. Drake),Chris Brown,7bXgB6jMjp9ATFy66eO08Z,9980971,"['dance pop', 'pop', 'pop rap', 'r&b', 'rap']",93
398,0DiDStADDVh3SvAsoJAFMk,Only Human,Jonas Brothers,7gOdHgIoIKoe4i9Tta6qdD,3264426,"['boy band', 'dance pop', 'pop', 'pop rock', 'post-teen pop']",87
399,4c1WgUnHXq2LEncGHKgj1I,Dream Glow (BTS World Original Soundtrack) - Pt. 1,BTS,3Nrfpe0tUJi4K4DXYWgMUX,14810112,"['k-pop', 'k-pop boy group']",92
400,2jkIbZ43eH3rM1yro2Ojzh,Veleno 7,Gemitaiz,4upwdFMlZBmQ68jP9jPzjK,1389209,['italian hip hop'],80
401,1rYC34UUszS0QzzECNRhYb,Haute (feat. J Balvin & Chris Brown),Tyga,5LHRHt1k9lMyONurDHEdrp,5220379,"['hip hop', 'pop rap', 'rap', 'trap']",91
402,3xEozpt8pAptvpH69iJhOw,Amor Genuino,Ozuna,1i8SpTcr7yvPOmcqrbnVXY,20329848,"['latin', 'puerto rican pop', 'reggaeton', 'trap latino']",98
403,1yfyIdEw5U2bD5I6gxQCxW,"Tough Love (feat. Agnes, Vargas & Lagola)",Avicii,1vCWHaC5f2uS3yhpwWbIA6,15989539,"['big room', 'edm', 'pop']",87
404,79JBjIq90BrQ8Ws0pUhlzD,Mad Love,Mabel,1MIVXf74SZHmTIp4V4paH4,499192,"['dance pop', 'pop', 'post-teen pop', 'tropical house', 'uk pop']",82
405,1D2Aldrksl9yWWCIPOeDzy,All Around The World (La La La),R3HAB,6cEuCEZu7PAE9ZSzLLc2oQ,1897995,"['big room', 'dutch house', 'edm', 'electro house', 'pop', 'progressive electro house', 'tropical house']",84
406,7C7GtWZmyicqjBDbAWPsCp,Tricheur,Nekfeu,4LXBc13z5EWsc5N32bLxfH,1079721,"['french hip hop', 'pop urbaine', 'rap conscient']",80
407,1IBUPdwV9TvaipSODdt8QY,Maghreb Gang (feat. French Montana & Khaled),Farid Bang,2JwyRtuXf2l6sTnSnGVIa1,627104,['german hip hop'],73
408,7yfi8B8opXjnRh4VZnOkz9,Cool,Jonas Brothers,7gOdHgIoIKoe4i9Tta6qdD,3264426,"['boy band', 'dance pop', 'pop', 'pop rock', 'post-teen pop']",87
409,6kXNnS7JJz0nAv4XEwEmQJ,Heart Upon My Sleeve (feat. Imagine Dragons),Avicii,1vCWHaC5f2uS3yhpwWbIA6,15989539,"['big room', 'edm', 'pop']",87
410,0HZgYFimoJG9Ijy8InUWcV,Bad Reputation (feat. Joe Janiak),Avicii,1vCWHaC5f2uS3yhpwWbIA6,15989539,"['big room', 'edm', 'pop']",87
411,6EBlOYNcZ8MrdEov9lEdV6,Hold The Line (feat. A R I Z O N A),Avicii,1vCWHaC5f2uS3yhpwWbIA6,15989539,"['big room', 'edm', 'pop']",87
412,0XPsOSYzDJZJArevQNm2AR,Speechless (Full),Naomi Scott,2Zi3RrdQqk63Xj0914STkS,128532,['vapor pop'],72
413,1vYh9x8UmFTLbXiizk9Qc5,I Believe,Jonas Brothers,7gOdHgIoIKoe4i9Tta6qdD,3264426,"['boy band', 'dance pop', 'pop', 'pop rock', 'post-teen pop']",87
415,6KxCRJ9DzNBVGM3ol0JQ7r,Irina Shayk,Ufo361,5pVRwX5ZQR7hfJ18w8ZYkl,1184244,"['german cloud rap', 'german hip hop']",83
416,2Qz1GjI5gnZGcShAh5x0im,NENENE,Fero47,4A7HeXSd4HtQuf6IR5XZ1b,258478,['german hip hop'],71
417,5PYQUBXc7NYeI1obMKSJK0,Never Really Over,Katy Perry,6jJ0s89eD6GaHleKKya26X,14242059,"['dance pop', 'pop', 'post-teen pop']",88
418,2WyRfGeHo97VC5mP1BBSzr,Mother's Daughter,Miley Cyrus,5YGY8feqx7naU7z4HrwZM6,10373712,"['dance pop', 'pop', 'post-teen pop']",87
419,2TH65lNHgvLxCKXM3apjxI,Callaita,Bad Bunny,4q3ewBCX7sLwd24euuV69X,16797101,"['latin', 'reggaeton', 'trap latino']",97
420,6IJTc8xo6XasOU8fpxMU57,Call You Mine,The Chainsmokers,69GGBxA162lTqCwzJG5jLp,14625745,"['electropop', 'pop', 'tropical house']",90
421,5Uw7Dut2lZfexn3Y09swpf,Find U Again (feat. Camila Cabello),Mark Ronson,3hv9jJF3adDNsBSIQDqcjp,721767,"['dance pop', 'pop']",82
422,6dPyzkyZwoj9LqjQXOFdVv,Press,Cardi B,4kYSro6naA4h99UJvo89HB,10038139,"['pop', 'pop rap', 'rap']",92
423,3M9Apu4OZfylLTFKvgEtKa,Ritual,Tiësto,2o5jDhtHVPhrJdv3cEQ99Z,4739443,"['big room', 'brostep', 'dance pop', 'edm', 'electro house', 'house', 'trance', 'tropical house']",85
424,7dQFpbs34ufIEU745DVclf,Aute Cuture,ROSALÍA,7ltDVBr6mKbRvohxheJ9h1,1885321,['r&b en espanol'],85
425,2AHJLtc81zIfj9EKcVEzmJ,La Haine,Luciano,3CJKkU0XuElRT1z8rEtIYg,493464,['german hip hop'],79
426,5tRa5hnltiyqY63rWOfnO2,Under Enemy Arms,Trippie Redd,6Xgp2XMz1fhVYe7i6yNAax,3718423,"['melodic rap', 'pop rap', 'rap', 'trap']",92
427,2OKo7g3KfmCt3kyLvUAL0g,The Search,NF,6fOMl44jA4Sp5b9PpYCkzz,2650761,"['hip hop', 'pop rap', 'rap']",88
428,1lOe9qE0vR9zwWQAOk6CoO,Ransom,Lil Tecca,4Ga1P7PMIsmqEZqhYZQgDo,1175953,['melodic rap'],89
429,6vjymPak0JRQC2P84XlI9t,Unholy,Miley Cyrus,5YGY8feqx7naU7z4HrwZM6,10373712,"['dance pop', 'pop', 'post-teen pop']",87
430,42zePe03Iq8tvFcJAIKkp8,D.R.E.A.M. (feat. Ghostface Killah),Miley Cyrus,5YGY8feqx7naU7z4HrwZM6,10373712,"['dance pop', 'pop', 'post-teen pop']",87
431,5WJdUrZ4ND1TCZ2AsjYK3P,Broke Leg (with Quavo & Tyga),Tory Lanez,2jku7tDXc6XoB6MO2hFuqg,2613851,"['canadian hip hop', 'hip hop', 'melodic rap', 'pop rap', 'rap', 'southern hip hop', 'toronto rap', 'trap']",88
432,3dxioHwH6wvCkQwt0rgvQt,Love Thru the Computer (feat. Justin Bieber),Gucci Mane,13y7CgLHjMVRMDqxdx0Xdo,2964912,"['atl hip hop', 'dirty south rap', 'hip hop', 'pop rap', 'rap', 'southern hip hop', 'trap']",87
434,3gdewACMIVMEWVbyb8O9sY,"Rocket Man (I Think It's Going To Be A Long, Long Time)",Elton John,3PhoLpVuITZKcymswpck5b,4050981,"['glam rock', 'mellow gold', 'piano rock', 'rock']",86
436,27rdGxbavYJeBphck5MZAF,Nothing Breaks Like a Heart (feat. Miley Cyrus),Mark Ronson,3hv9jJF3adDNsBSIQDqcjp,721767,"['dance pop', 'pop']",82
437,7DcvwMAiqKJQD1rrdfxSDx,The London (feat. J. Cole & Travis Scott),Young Thug,50co4Is1HCEo8bhOyUWKpn,4591980,"['atl hip hop', 'atl trap', 'gangster rap', 'melodic rap', 'pop rap', 'rap', 'trap']",93
438,543bCW2ruMPmxUBWirQ3MR,Cross Me (feat. Chance the Rapper & PnB Rock),Ed Sheeran,6eUKZXaKkcviH0Ku9w2n3V,54933328,"['pop', 'uk pop']",97
439,4tNXntkAzQ5A2dfYRYGIIQ,Easier,5 Seconds of Summer,5Rl15oVamLq7FbSb0NNBNy,5447385,"['boy band', 'dance pop', 'pop', 'post-teen pop']",87
440,36TO60sxDduIsO3xH8IcUh,Isis,Joyner Lucas,6C1ohJrd5VydigQtaGy5Wa,947645,"['boston hip hop', 'hip hop', 'pop rap', 'rap']",79
441,1kK6DwzyXJSp58u5HYWwuD,"Go Loko (feat. Tyga, Jon Z)",YG,0A0FS04o6zMoto8OKPsDwY,1963409,"['cali rap', 'hip hop', 'pop rap', 'rap', 'southern hip hop', 'trap']",86
442,6aoGtdWXBkYQ2O2wnyIz2x,Not Ok,Kygo,23fqKkggKUBHNkbKtXEls4,5747052,"['edm', 'pop', 'tropical house']",88
443,7rknFhrVDyxzTJkPSf7LoW,No Me Conoce - Remix,Jhay Cortez,0EFisYRi20PTADoJrifHrz,429923,"['latin', 'reggaeton', 'reggaeton flow', 'trap latino']",84
444,4e6l3QGj4RZesjDLVqYk3H,Marlboro Rot,Samra,6h1s4i4XKIYv4ErDelLDN0,435641,['german hip hop'],84
445,1NCUe90ZCiWTnWn3umrwqw,Vintage,NIKI,2kxP07DLgs4xlWz8YHlvfh,270879,"['indie r&b', 'indonesian r&b', 'pop']",77
446,2G7V7zsVDxg1yRsu7Ew9RJ,In My Feelings,Drake,3TVXtAsR1Inumwj472S9r4,42543081,"['canadian hip hop', 'canadian pop', 'hip hop', 'pop rap', 'rap', 'toronto rap']",98
447,7anSoGdgtmJTAPZBzcPhO6,Cuaderno,Dalex,0KPX4Ucy9dk82uj4GpKesn,649409,"['latin', 'r&b en espanol']",91
449,6RUKPb4LETWmmr3iAEQktW,Something Just Like This,The Chainsmokers,69GGBxA162lTqCwzJG5jLp,14625745,"['electropop', 'pop', 'tropical house']",90
450,7kh95COsNZjnTmc6aF76n7,Homerun (Intro),Paulo Londra,3vQ0GE3mI0dAaxIMYe5g7z,8417991,"['argentine hip hop', 'trap argentino', 'trap latino']",86
454,5Lb1pjnll07UQKxNpnnGBy,Punto G,KAROL G,790FomKkXshlbRYZFtlgla,7288619,"['latin', 'reggaeton']",89
456,5nzhL67GpF9szXWg5y509A,Close Friends (Lil Baby & Gunna),Lil Baby,5f7VJjfbwm532GiveGC0ZK,3014831,"['atl hip hop', 'atl trap', 'pop rap', 'rap', 'trap']",92
457,4E6RdcCWMiHTu7zy1VTNDo,Todo Mundo Vai Sofrer - Ao Vivo,Marília Mendonça,1yR65psqiazQpeM79CcGh8,12183379,['sertanejo'],89
458,5hVghJ4KaYES3BFUATCYn0,EARFQUAKE,"Tyler, The Creator",4V8LLVI7PbaPR0K2TGSxFF,3517995,"['hip hop', 'pop rap', 'rap']",86
459,340UVheS8z3ncW9TTUhAbc,Nightmare,Halsey,26VFTg2z8YR0cCuwLzESi2,8469385,"['dance pop', 'electropop', 'etherpop', 'indie poptimism', 'pop', 'post-teen pop']",91
460,6VYXuUz1nYMap8gtqeIrQB,I Think I Luv Her,Tyla Yaweh,1MXZ0hsGic96dWRDKwAwdr,76274,"['cali rap', 'melodic rap', 'pop rap', 'trap']",72
461,1Xi84slp6FryDSCbzq4UCD,Arcade,Duncan Laurence,3klZnJvYGIbWritVwQD434,56375,['dutch pop'],64
462,5QvBXUm5MglLJ3iBfTX2Wo,RUNNING OUT OF TIME,"Tyler, The Creator",4V8LLVI7PbaPR0K2TGSxFF,3517995,"['hip hop', 'pop rap', 'rap']",86
463,2kkcJ8tSDV42LdWcPjy6We,Wieder Lila,Samra,6h1s4i4XKIYv4ErDelLDN0,435641,['german hip hop'],84
464,51RN0kzWd7xeR4th5HsEtW,IGOR'S THEME,"Tyler, The Creator",4V8LLVI7PbaPR0K2TGSxFF,3517995,"['hip hop', 'pop rap', 'rap']",86
465,0fv2KH6hac06J86hBUTcSf,NEW MAGIC WAND,"Tyler, The Creator",4V8LLVI7PbaPR0K2TGSxFF,3517995,"['hip hop', 'pop rap', 'rap']",86
466,1nXZnTALNXiPlvXotqHm66,A BOY IS A GUN*,"Tyler, The Creator",4V8LLVI7PbaPR0K2TGSxFF,3517995,"['hip hop', 'pop rap', 'rap']",86
467,0BnTBAGmr9FtYwkZrwKhwS,Just Us (feat. SZA),DJ Khaled,0QHgL1lAIqAw0HtD7YldmP,4313137,"['dance pop', 'hip hop', 'miami hip hop', 'pop', 'pop rap', 'rap', 'southern hip hop', 'trap']",81
468,6bOkaEXc5CopinGazSLokx,WHAT'S GOOD,"Tyler, The Creator",4V8LLVI7PbaPR0K2TGSxFF,3517995,"['hip hop', 'pop rap', 'rap']",86
469,0mjAU3yKR1QnXnHtjGJqTM,Rescue Me,OneRepublic,5Pwc4xIPtQLFEnJriah9YJ,8923542,"['dance pop', 'neo mellow', 'piano rock', 'pop', 'pop rock']",86
470,4szQkW1CDHqbRZGltXJdd3,Soldi,Mahmood,06nvjg4wBANK6DCHjqtPNd,389930,['italian arena pop'],76
471,0b6UoVjUzFyZNpHI0aAhKt,Celebrate (feat. Travis Scott & Post Malone),DJ Khaled,0QHgL1lAIqAw0HtD7YldmP,4313137,"['dance pop', 'hip hop', 'miami hip hop', 'pop', 'pop rap', 'rap', 'southern hip hop', 'trap']",81
472,0wEC0GNF74lAqrEFZJMl1m,PUPPET,"Tyler, The Creator",4V8LLVI7PbaPR0K2TGSxFF,3517995,"['hip hop', 'pop rap', 'rap']",86
473,7KbF6AdprOXEEHlsq11Z6d,11 PM,Maluma,1r4hJ1h58CWwUQe3MxPuau,17708067,"['latin', 'reggaeton']",92
474,1hz7SRTGUNAtIQ46qiNv2p,"GONE, GONE / THANK YOU","Tyler, The Creator",4V8LLVI7PbaPR0K2TGSxFF,3517995,"['hip hop', 'pop rap', 'rap']",86
475,1Hd2XLitkt1PYCWSbfF5qV,Wish Wish (feat. Cardi B & 21 Savage),DJ Khaled,0QHgL1lAIqAw0HtD7YldmP,4313137,"['dance pop', 'hip hop', 'miami hip hop', 'pop', 'pop rap', 'rap', 'southern hip hop', 'trap']",81
476,6O10oTtZIZ4DkkUqyfCbrR,Higher (feat. Nipsey Hussle & John Legend),DJ Khaled,0QHgL1lAIqAw0HtD7YldmP,4313137,"['dance pop', 'hip hop', 'miami hip hop', 'pop', 'pop rap', 'rap', 'southern hip hop', 'trap']",81
477,5TxRUOsGeWeRl3xOML59Ai,ARE WE STILL FRIENDS?,"Tyler, The Creator",4V8LLVI7PbaPR0K2TGSxFF,3517995,"['hip hop', 'pop rap', 'rap']",86
478,5A0M6B0RBSXSNWv0wcppZ9,I DON'T LOVE YOU ANYMORE,"Tyler, The Creator",4V8LLVI7PbaPR0K2TGSxFF,3517995,"['hip hop', 'pop rap', 'rap']",86
481,3H9GDhVVTlmFQSmpt51qiP,Solo Pienso En Ti (feat. De La Ghetto & Justin Quiles),Paulo Londra,3vQ0GE3mI0dAaxIMYe5g7z,8417991,"['argentine hip hop', 'trap argentino', 'trap latino']",86
482,6Dq8FZrvx9S28iyaKSwn9x,"Jealous (feat. Chris Brown, Lil Wayne & Big Sean)",DJ Khaled,0QHgL1lAIqAw0HtD7YldmP,4313137,"['dance pop', 'hip hop', 'miami hip hop', 'pop', 'pop rap', 'rap', 'southern hip hop', 'trap']",81
483,2tOOcDDYkh0PSjr6GwPEAJ,Love Me Less (feat. Quinn XCII),MAX,1bqxdqvUtPWZri43cKHac8,363782,"['dance pop', 'indie poptimism', 'pop', 'pop rap', 'post-teen pop', 'viral pop']",77
484,5mpUKTdskZea0gStWzeHUZ,Unsainted,Slipknot,05fG473iIaoy82BF1aGhL8,5176509,"['alternative metal', 'nu metal', 'rap metal']",83
485,1T8IRUJBga0JXioJZvxjBR,DEUTSCHLAND,Rammstein,6wWVKhxIU2cEi0K81v7HvP,3656059,"['alternative metal', 'german metal', 'industrial', 'industrial metal', 'industrial rock', 'neue deutsche harte', 'nu metal']",83
486,1FuJKBi6XdFyf8Yzmck468,Letzte Träne,Kontra K,4lDiJcOJ2GLCK6p9q5BgfK,1326981,"['christlicher rap', 'german hip hop']",77
487,0yFvWTLs3iIwDbc91noXGT,GRoCERIES,Chance the Rapper,1anyVhU62p31KFi8MEzkbf,4509118,"['chicago rap', 'conscious hip hop', 'hip hop', 'pop rap', 'rap']",87
488,7MqL7uh6zGd8x0B9srz3r0,Gib Gas,Ufo361,5pVRwX5ZQR7hfJ18w8ZYkl,1184244,"['german cloud rap', 'german hip hop']",83
489,3HVWdVOQ0ZA45FuZGSfvns,I Don't Care (with Justin Bieber),Ed Sheeran,6eUKZXaKkcviH0Ku9w2n3V,54933328,"['pop', 'uk pop']",97
490,6LsAAHotRLMOHfCsSfYCsz,If I Can't Have You,Shawn Mendes,7n2wHs1TKAczGzO7Dd2rGr,21866595,"['canadian pop', 'pop', 'post-teen pop', 'viral pop']",93
491,7M2tXmeS15NAzEn7ABFeBg,Homicide (feat. Eminem),Logic,4xRYI6VqpkE3UwrDrAZL8L,4234420,"['conscious hip hop', 'dmv rap', 'hip hop', 'pop rap', 'rap']",87
493,3a1Zmq0P1E6W80x8EOcVNP,Tough (feat. Noah Kahan),Quinn XCII,3ApUX1o6oSz321MMECyIYd,397117,"['electropop', 'indie pop rap', 'pop', 'pop rap']",78
494,0u2P5u6lvoDfwTYjAADbn4,lovely (with Khalid),Billie Eilish,6qqNVTkY8uBg9cP3Jd7DAH,16487066,"['electropop', 'pop']",97
495,2emP5oaNH6cwFsugIPqVau,Nautilus,Bob James,6ryjbFyWBZho9KGXqKZdqQ,60982,"['jazz funk', 'jazz fusion', 'jazz piano', 'smooth jazz']",51
496,1SSzM044DUbVpYNNHWIhYJ,Vermissen (feat. Henning May),Juju,4sg4no0TXdsrM1s4SVUwNF,192132,"['german hip hop', 'german pop']",73
497,1iWHabUgUuuKLBa0TzTHfk,"A Whole New World (End Title) - From ""Aladdin""",ZAYN,5ZsFI1h6hIdQRw2ti0hz81,9909677,"['dance pop', 'pop', 'post-teen pop', 'uk pop']",87
498,4YhN72dRYL2Z3MsaKyT7rS,Stay (Don't Go Away) [feat. Raye],David Guetta,1Cs0zKBU1kc0i8ypK3B9ai,20468693,"['dance pop', 'edm', 'pop']",90
499,3SZqA7rQvROJsCbUu2v0xa,Go Loko,YG,0A0FS04o6zMoto8OKPsDwY,1963409,"['cali rap', 'hip hop', 'pop rap', 'rap', 'southern hip hop', 'trap']",86
500,2FzgbCcszptrQpdJOr2Soi,Icy (feat. Gucci Mane),Logic,4xRYI6VqpkE3UwrDrAZL8L,4234420,"['conscious hip hop', 'dmv rap', 'hip hop', 'pop rap', 'rap']",87
501,5Gu0PDLN4YJeW75PpBSg9p,"Let Me Go (with Alesso, Florida Georgia Line & watt)",Hailee Steinfeld,5p7f24Rk5HkUZsaS3BLG5F,5020405,"['dance pop', 'pop', 'post-teen pop']",81
502,7iDa6hUg2VgEL1o1HjmfBn,Meant to Be (feat. Florida Georgia Line),Bebe Rexha,64M6ah0SkkRsnPGtGiRAbb,4383835,"['dance pop', 'pop', 'post-teen pop']",87
505,15xWRPHQMeqgdkGzInx3PY,Falling Like The Stars,James Arthur,4IWBUUAFIplrNtaOHcJPRM,5027383,"['pop', 'post-teen pop', 'talent show', 'uk pop']",87
506,5lwVd35Zg6DJ4qibVMq99H,Date La Vuelta,Luis Fonsi,4V8Sr092TqfHkfAA5fXXqG,7566936,"['latin', 'latin pop', 'puerto rican pop', 'tropical']",83
507,4p28KkjAQ16J3yF8PQHJVg,COMMANDO (feat. G-Eazy),Logic,4xRYI6VqpkE3UwrDrAZL8L,4234420,"['conscious hip hop', 'dmv rap', 'hip hop', 'pop rap', 'rap']",87
508,3PYx9Wte3jwb48V0wArMOy,Keanu Reeves,Logic,4xRYI6VqpkE3UwrDrAZL8L,4234420,"['conscious hip hop', 'dmv rap', 'hip hop', 'pop rap', 'rap']",87
509,6700Z4Izi8EbB6JNthU6Ma,Hold Me While You Wait,Lewis Capaldi,4GNC7GD6oZMSxPGyXy4MNB,1690925,"['pop', 'uk pop']",91
510,1mT47pKLXUwPYGwB91GcNz,Créeme,KAROL G,790FomKkXshlbRYZFtlgla,7288619,"['latin', 'reggaeton']",89
511,23OXdR7YuUBVWh5hSnYJau,Chlorine,Twenty One Pilots,3YQKmKGau1PzlVlkL1iodx,15328954,"['modern rock', 'rock']",87
513,4cbdPT6uaBOgOQe3fLMofl,Power is Power (feat. The Weeknd & Travis Scott),SZA,7tYKF4w9nC0nq9CsPZTHyP,2932521,"['hip hop', 'pop', 'pop rap', 'rap']",84
514,5qmq61DAAOUaW8AUo8xKhh,Truth Hurts,Lizzo,56oDRnqbIiwx4mymNEv7dS,1554987,"['escape room', 'minnesota hip hop', 'pop', 'pop rap', 'trap queen']",88
515,44ZJ4hLD5onikKsVLQaILr,Vossi Bop,Stormzy,2SrSdSvpminqmStGELCSNd,1130124,"['grime', 'uk hip hop']",83
516,4Q8aDd3H6LF8t4eY7So9O8,Light It Up (with Tyga & Chris Brown),Marshmello,64KEffDW9EtZ1y2vBYgq8T,18720303,"['brostep', 'progressive electro house']",90
517,4NN6N5TxBO5k9uqu0W4gfQ,Floating (feat. 21 Savage),ScHoolboy Q,5IcR3N7QB1j6KBL8eImZ8m,2838965,"['hip hop', 'pop rap', 'rap', 'southern hip hop', 'trap', 'underground hip hop']",81
519,2EGtBS7Ws3ajiSkJLviFJ4,CHopstix (feat. Travis Scott),ScHoolboy Q,5IcR3N7QB1j6KBL8eImZ8m,2838965,"['hip hop', 'pop rap', 'rap', 'southern hip hop', 'trap', 'underground hip hop']",81
520,4SHhui9S7lFYGHXikfneGo,Drugs & The Internet,Lauv,5JZ7CnR6gTvEMKX4g70Amv,1959296,['pop'],90
521,7mWFF4gPADjTQjC97CgFVt,Baila Baila Baila - Remix,Ozuna,1i8SpTcr7yvPOmcqrbnVXY,20329848,"['latin', 'puerto rican pop', 'reggaeton', 'trap latino']",98
522,7Feaw9WAEREY0DUOSXJLOM,Summer Days (feat. Macklemore & Patrick Stump of Fall Out Boy),Martin Garrix,60d24wfXkVzDSfLS6hyCjZ,12102014,"['big room', 'edm', 'pop', 'progressive house', 'tropical house']",87
523,60zxdAqWtdDu0vYsbXViA7,FANCY,TWICE,7n2Ycct7Beij7Dj7meI4X0,4256972,"['k-pop', 'k-pop girl group']",83
524,2gflJpSvKQdh0HA4Xd7hHf,On To The Next One,JAY Z,3nFkdlSjzX9mRTtwJOzDYB,4934209,"['east coast hip hop', 'gangster rap', 'hip hop', 'pop rap', 'rap']",83
525,22oEJW6r2rMb9z4IntfyEa,"Hey Look Ma, I Made It",Panic! At The Disco,20JZFwl6HVl6yg8a4H3ZqK,8430414,"['baroque pop', 'emo']",88
526,2gwkD6igEhQbDQegRCcdoB,Suge,DaBaby,4r63FhuTkUYltbVAg5TQnk,1371237,"['nc hip hop', 'pop rap', 'rap']",93
527,5w8wL9IpVlOerzOzOvkjvG,"Enzo (with Sheck Wes, feat. Offset, 21 Savage & Gucci Mane)",DJ Snake,540vIaP2JwjQb9dm3aArA4,6087420,['electronic trap'],87
528,4WzhjxvLP95y7AMDy0Atwb,Out Of Love,Alessia Cara,2wUjUUtkb5lvLKcGKsKqsR,6365907,"['canadian contemporary r&b', 'dance pop', 'pop', 'post-teen pop']",85
529,7c5h27Ju8JE5xWKTQ88KhL,Hurts 2B Human (feat. Khalid),P!nk,1KCSPY1glIKqW2TotWuXOR,7458898,"['dance pop', 'pop', 'post-teen pop']",86
532,4sqABRRGU7CzcHXCyxUzFw,Do You Mean (feat. Ty Dolla $ign & bülow) - Myon Remix,The Chainsmokers,69GGBxA162lTqCwzJG5jLp,14625745,"['electropop', 'pop', 'tropical house']",90
533,6tByydPskASjm9jTPkNQq0,Numb Numb Juice,ScHoolboy Q,5IcR3N7QB1j6KBL8eImZ8m,2838965,"['hip hop', 'pop rap', 'rap', 'southern hip hop', 'trap', 'underground hip hop']",81
534,59ywHNwwchG4nZJMLyxSzd,Clout (feat. Cardi B),Offset,4DdkRBBYG6Yk9Ka8tdJ9BW,1317547,"['atl hip hop', 'hip hop', 'pop rap', 'rap', 'southern hip hop', 'trap']",88
536,3zJw3rugfpVrmBeDDnUYzy,Happy Xmas (War Is Over) - Remastered,John Lennon,4x1nvY2FN8jxqAFA0DA02H,2930500,"['album rock', 'art rock', 'classic rock', 'folk rock', 'mellow gold', 'rock']",77
537,2Xo3rLHjXfdb4avN68aQyi,BEST ON EARTH (feat. BIA),Russ,1z7b1Pr1rSlvWRzsW3HOrS,2877788,"['hawaiian hip hop', 'pop', 'pop rap', 'rap']",86
538,3y3brCCecHC3Db18aIOnny,"Carry On (from the Original Motion Picture ""POKÉMON Detective Pikachu"")",Kygo,23fqKkggKUBHNkbKtXEls4,5747052,"['edm', 'pop', 'tropical house']",88
539,7LikBkHerFGZ58QHVOKp1t,Before I Let Go - Homecoming Live Bonus Track,Beyoncé,6vWDO969PvNqNYHIOW5v0m,20982858,"['dance pop', 'pop', 'r&b']",90
540,6uFn47ACjqYkc0jADwEdj1,Pop Out (feat. Lil Tjay),Polo G,6AgTAQt8XS6jRWi4sX7w49,600016,['chicago rap'],81
541,4au7FRcgZzChASRYu279xH,Con Calma - Remix,Daddy Yankee,4VMYDCV2IEDYJArk749S6m,14976430,"['latin', 'latin hip hop', 'reggaeton', 'tropical']",95
543,4Yo1ZTT9D7gUqyzgpVKkhQ,I Don't Belong In This Club,Why Don't We,2jnIB6XdLvnJUeNTy5A0J2,1722461,"['boy band', 'dance pop', 'pop', 'post-teen pop', 'teen pop']",84
548,0tV8pOpiNsKqUys0ilUcXz,Rise Up,Andra Day,1c4rxrxy8eDLvMVL1DTiBe,255231,['r&b'],64
549,5KawlOMHjWeUjQtnuRs22c,Boy With Luv (feat. Halsey),BTS,3Nrfpe0tUJi4K4DXYWgMUX,14810112,"['k-pop', 'k-pop boy group']",92
550,5hnbE5BF2e8BCk9OMR1UVC,Mikrokosmos,BTS,3Nrfpe0tUJi4K4DXYWgMUX,14810112,"['k-pop', 'k-pop boy group']",92
552,7e89621JPkKaeDSTQ3avtg,Sweet Home Alabama,Lynyrd Skynyrd,4MVyzYMgTwdP7Z49wAZHx0,2414264,"['album rock', 'blues rock', 'classic rock', 'country rock', 'hard rock', 'mellow gold', 'rock', 'southern rock']",76
553,3XiNC94b4Tq1xwv70sQJGN,Sanguine Paradise,Lil Uzi Vert,4O15NlyKLIASxsJ0PrXPfz,7279468,"['melodic rap', 'philly rap', 'pop rap', 'rap', 'trap']",89
554,6JdS5rJvJaRA7B1tcm7kxZ,Dionysus,BTS,3Nrfpe0tUJi4K4DXYWgMUX,14810112,"['k-pop', 'k-pop boy group']",92
555,0eeeyCAGnGZInPtpkdYiPa,Jamais Vu,BTS,3Nrfpe0tUJi4K4DXYWgMUX,14810112,"['k-pop', 'k-pop boy group']",92
556,2isSdmQfVv32j2haL6hk9x,Intro : Persona,BTS,3Nrfpe0tUJi4K4DXYWgMUX,14810112,"['k-pop', 'k-pop boy group']",92
557,0pSBuHjILhNEo55xK1zrRt,Rolex,Ayo & Teo,27mFvqQj8KpjmdKIqcw1mG,613923,"['social media pop', 'trap']",64
558,4PkIDTPGedm0enzdvilLNd,Sixteen,Ellie Goulding,0X2BH1fck6amBIoJhDVmmJ,7192502,"['dance pop', 'edm', 'metropopolis', 'pop', 'post-teen pop', 'tropical house', 'uk pop']",86
559,1tNJrcVe6gwLEiZCtprs1u,3 Nights,Dominic Fike,6USv9qhCn6zfxlBQIYJ9qs,202128,"['alternative pop rock', 'pop']",78
560,6Dma0t0hOe6Bd6u5YRKF3n,"No New Friends (feat. Sia, Diplo, and Labrinth)",Sia,5WUlDfRSoLAfcVSX1WnrxN,14702014,"['australian dance', 'australian pop', 'dance pop', 'pop']",88
561,4pCEIQ6wBVuaJdER5bALtO,That's a Rack,Lil Uzi Vert,4O15NlyKLIASxsJ0PrXPfz,7279468,"['melodic rap', 'philly rap', 'pop rap', 'rap', 'trap']",89
562,1DFD5Fotzgn6yYXkYsKiGs,Piece Of Your Heart,MEDUZA,0xRXCcSX89eobfrshSVdyu,110875,['pop house'],84
563,7fODjB7BrQTGqh0hogW6XD,Que Mas Pues - Remix,Sech,77ziqFxp5gaInVrF2lj4ht,1835658,"['panamanian pop', 'reggaeton']",94
565,4h8VwCb1MTGoLKueQ1WgbD,Wake Me Up,Avicii,1vCWHaC5f2uS3yhpwWbIA6,15989539,"['big room', 'edm', 'pop']",87
567,7GX5flRQZVHRAGd6B4TmDO,XO Tour Llif3,Lil Uzi Vert,4O15NlyKLIASxsJ0PrXPfz,7279468,"['melodic rap', 'philly rap', 'pop rap', 'rap', 'trap']",89
568,08aYFNUTIOMGq93e2VSArQ,Que Le De,Rauw Alejandro,1mcTU81TzQhprhouKaTkpq,356202,"['latin', 'reggaeton']",88
569,3V8UKqhEK5zBkBb6d6ub8i,Te Boté - Remix,Nio Garcia,5hdhHgpxyniooUiQVaPxQ0,881584,"['latin', 'latin hip hop', 'reggaeton', 'reggaeton flow', 'tropical']",78
570,6ZRuF2n1CQxyxxAAWsKJOy,Nights Like This (feat. Ty Dolla $ign),Kehlani,0cGUm45nv7Z6M6qdXYQGTX,2962943,"['dance pop', 'pop', 'pop rap', 'post-teen pop', 'r&b', 'rap', 'urban contemporary']",85
573,18PergoIrGmRyeYxnaXJN2,Kill This Love,BLACKPINK,41MozSoPIsD1dJM0CLPjZF,9781711,"['k-pop', 'k-pop girl group']",83
574,6TqXcAFInzjp0bODyvrWEq,Talk (feat. Disclosure),Khalid,6LuN9FCkKOj5PcnpouEgny,9452107,"['alternative r&b', 'pop']",96
575,09oZ9eXQ2fo6YDrPzJqAoP,Outta My Head (with John Mayer),Khalid,6LuN9FCkKOj5PcnpouEgny,9452107,"['alternative r&b', 'pop']",96
577,1E6DEDWDKHoOW0fcFuDghV,Don't Pretend (feat. SAFE),Khalid,6LuN9FCkKOj5PcnpouEgny,9452107,"['alternative r&b', 'pop']",96
580,46lvmzK8wxAy66tjzXXSh0,Tal Vez,Paulo Londra,3vQ0GE3mI0dAaxIMYe5g7z,8417991,"['argentine hip hop', 'trap argentino', 'trap latino']",86
581,2vsuel3g4zaLYSOY0mOMbi,Bad Luck,Khalid,6LuN9FCkKOj5PcnpouEgny,9452107,"['alternative r&b', 'pop']",96
582,0zYqFyhiTj419q56lNsjk0,Don't Know What To Do,BLACKPINK,41MozSoPIsD1dJM0CLPjZF,9781711,"['k-pop', 'k-pop girl group']",83
583,5xIODxqlpUnRVA9ewZUCug,Harami,Samra,6h1s4i4XKIYv4ErDelLDN0,435641,['german hip hop'],84
586,0HEckRWFSknIupbGzavk5d,Hundred,Khalid,6LuN9FCkKOj5PcnpouEgny,9452107,"['alternative r&b', 'pop']",96
589,3CRDbSIZ4r5MsZ0YwxuEkn,Stressed Out,Twenty One Pilots,3YQKmKGau1PzlVlkL1iodx,15328954,"['modern rock', 'rock']",87
590,6hzi3AGB39FjxFqcjgbWs7,Deux frères,PNL,3NH8t45zOTqzlZgBvZRjvB,2487179,"['french hip hop', 'pop urbaine']",79
591,7hzlzoOwCZ4D3Ow5YZK4kj,Insomnia,Daya,6Dd3NScHWwnW6obMFbl1BH,1002547,"['australian pop', 'dance pop', 'edm', 'electropop', 'indie poptimism', 'pop', 'post-teen pop', 'tropical house']",78
592,3hYBu3LRhapDItoL2R5aK2,Rebel's Kick It,YoungBoy Never Broke Again,7wlFDEWiM5OoIAt8RSli8b,3512515,"['baton rouge rap', 'trap']",91
593,071oURJaZaGzVtM70PTPHS,cOcO MAmA,Dardan,3pjq2pDV9RR6VY55wBjVnp,566023,"['albanian hip hop', 'german hip hop']",73
594,2aG2nLUd8NNI7vFuOLBCe0,Autre monde,PNL,3NH8t45zOTqzlZgBvZRjvB,2487179,"['french hip hop', 'pop urbaine']",79
596,295SxdR1DqunCNwd0U767w,Blanka,PNL,3NH8t45zOTqzlZgBvZRjvB,2487179,"['french hip hop', 'pop urbaine']",79
597,44BgLFzaZ09it1ugjIOJBE,Bling Blaow,Nef The Pharaoh,3DiSC0nSNNWpPy5ZK3mcrz,90168,"['cali rap', 'hyphy', 'west coast trap']",61
598,5Z3GHaZ6ec9bsiI5BenrbY,Young Dumb & Broke,Khalid,6LuN9FCkKOj5PcnpouEgny,9452107,"['alternative r&b', 'pop']",96
